simulationTime,x,y,z,stepSeconds,stepDistance,hudUnitsPerSecond,measuredUnitsPerSecond,headForwardDot,damagedPending,exploded,shots,reflections,sprintKeyObserved,brakeKeyObserved,mouseDeltaXObserved,mouseDeltaYObserved,gameplayEnabled,focused,yaw,pitch
0.38000,0.00000,8.00000,114.00000,0.02000,6.00000,300.00010,300.00030,1.0000000,0,0,0,0,0,0,0.0000,0.0000,1,1,0.0000,0.0000
0.40000,0.00000,8.00000,120.00000,0.02000,6.00000,300.00010,300.00030,1.0000000,0,0,0,0,0,0,0.0000,0.0000,1,1,0.0000,0.0000
0.42000,0.00000,8.00000,126.00000,0.02000,6.00000,300.00010,300.00030,1.0000000,0,0,0,0,0,0,0.0000,0.0000,1,1,0.0000,0.0000
0.44000,0.00000,8.00000,132.00000,0.02000,6.00000,300.00010,300.00030,1.0000000,0,0,0,0,0,0,0.0000,0.0000,1,1,0.0000,0.0000
0.46000,0.00000,8.00000,138.00000,0.02000,6.00000,300.00010,300.00030,1.0000000,0,0,0,0,0,0,0.0000,0.0000,1,1,0.0000,0.0000
0.48000,0.00000,8.00000,144.00000,0.02000,6.00000,300.00010,300.00030,1.0000000,0,0,0,0,0,0,0.0000,0.0000,1,1,0.0000,0.0000
0.50000,0.00000,8.00000,150.00000,0.02000,6.00000,300.00010,300.00030,1.0000000,0,0,0,0,0,0,0.0000,0.0000,1,1,0.0000,0.0000
0.52000,0.00000,8.00000,156.00000,0.02000,6.00000,300.00010,300.00030,1.0000000,0,0,0,0,0,0,0.0000,0.0000,1,1,0.0000,0.0000
0.54000,0.00000,8.00000,162.00000,0.02000,6.00000,300.00010,300.00030,1.0000000,0,0,0,0,0,0,0.0000,0.0000,1,1,0.0000,0.0000
0.56000,0.00000,8.00000,168.00000,0.02000,6.00000,300.00010,300.00030,1.0000000,0,0,0,0,0,0,0.0000,0.0000,1,1,0.0000,0.0000
0.58000,0.00000,8.00000,174.00000,0.02000,6.00000,300.00010,300.00030,1.0000000,0,0,0,0,0,0,0.0000,0.0000,1,1,0.0000,0.0000
0.60000,0.00000,8.00000,180.00000,0.02000,6.00000,300.00010,300.00030,1.0000000,0,0,0,0,0,0,0.0000,0.0000,1,1,0.0000,0.0000
0.62000,0.00000,8.00000,186.00000,0.02000,6.00000,300.00010,300.00030,1.0000000,0,0,0,0,0,0,0.0000,0.0000,1,1,0.0000,0.0000
0.64000,0.00000,8.00000,192.00000,0.02000,6.00000,300.00010,300.00030,1.0000000,0,0,0,0,0,0,0.0000,0.0000,1,1,0.0000,0.0000
0.66000,0.00000,8.00000,198.00000,0.02000,6.00000,300.00010,300.00030,1.0000000,0,0,0,0,0,0,0.0000,0.0000,1,1,0.0000,0.0000
0.68000,0.00000,8.00000,204.00000,0.02000,6.00000,300.00010,300.00030,1.0000000,0,0,0,0,0,0,0.0000,0.0000,1,1,0.0000,0.0000
0.70000,0.00000,8.00000,210.00000,0.02000,6.00000,300.00010,300.00030,1.0000000,0,0,0,0,0,0,0.0000,0.0000,1,1,0.0000,0.0000
0.72000,0.00000,8.00000,216.00000,0.02000,6.00000,300.00010,300.00030,1.0000000,0,0,0,0,0,0,0.0000,0.0000,1,1,0.0000,0.0000
0.74000,0.00000,8.00000,222.00000,0.02000,6.00000,300.00010,300.00030,1.0000000,0,0,0,0,0,0,0.0000,0.0000,1,1,0.0000,0.0000
0.76000,0.00000,8.00000,228.00000,0.02000,6.00000,300.00010,300.00030,1.0000000,0,0,0,0,0,0,0.0000,0.0000,1,1,0.0000,0.0000
0.78000,0.00000,8.00000,234.00000,0.02000,6.00000,300.00010,300.00030,1.0000000,0,0,0,0,0,0,0.0000,0.0000,1,1,0.0000,0.0000
0.80000,0.00000,8.00000,240.00000,0.02000,6.00000,300.00010,300.00030,1.0000000,0,0,0,0,0,0,0.0000,0.0000,1,1,0.0000,0.0000
0.82000,0.00000,8.00000,246.00000,0.02000,6.00000,300.00010,300.00030,1.0000000,0,0,0,0,0,0,0.0000,0.0000,1,1,0.0000,0.0000
0.84000,0.00000,8.00000,252.00000,0.02000,6.00000,300.00010,300.00030,1.0000000,0,0,0,0,0,0,0.0000,0.0000,1,1,0.0000,0.0000
0.86000,0.00000,8.00000,258.00000,0.02000,6.00000,300.00010,300.00030,1.0000000,0,0,0,0,0,0,0.0000,0.0000,1,1,0.0000,0.0000
0.88000,0.00000,8.00000,264.00000,0.02000,6.00000,300.00010,300.00030,1.0000000,0,0,0,0,0,0,0.0000,0.0000,1,1,0.0000,0.0000
0.90000,0.00000,8.00000,270.00000,0.02000,6.00000,300.00010,300.00030,1.0000000,0,0,0,0,0,0,0.0000,0.0000,1,1,0.0000,0.0000
0.92000,0.00000,8.00000,276.00000,0.02000,6.00000,300.00010,300.00030,1.0000000,0,0,0,0,0,0,0.0000,0.0000,1,1,0.0000,0.0000
0.94000,0.00000,8.00000,282.00000,0.02000,6.00000,300.00010,300.00030,1.0000000,0,0,0,0,0,0,0.0000,0.0000,1,1,0.0000,0.0000
0.96000,0.00000,8.00000,288.00000,0.02000,6.00000,300.00010,300.00030,1.0000000,0,0,0,0,0,0,0.0000,0.0000,1,1,0.0000,0.0000
0.98000,0.00000,8.00000,294.00000,0.02000,6.00000,300.00010,300.00030,1.0000000,0,0,0,0,0,0,0.0000,0.0000,1,1,0.0000,0.0000
1.00000,0.00000,8.00000,300.00000,0.02000,6.00000,300.00010,300.00030,1.0000000,0,0,0,0,0,0,0.0000,0.0000,1,1,0.0000,0.0000
1.02000,0.00000,8.00000,306.00000,0.02000,6.00000,300.00010,299.99940,1.0000000,0,0,0,0,0,0,0.0000,0.0000,1,1,0.0000,0.0000
1.04000,0.00000,8.00000,312.00000,0.02000,6.00000,300.00010,300.00030,1.0000000,0,0,0,0,0,0,0.0000,0.0000,1,1,0.0000,0.0000
1.06000,0.00000,8.00000,318.00000,0.02000,6.00000,300.00010,300.00030,1.0000000,0,0,0,0,0,0,0.0000,0.0000,1,1,0.0000,0.0000
1.08000,0.00000,8.00000,324.00000,0.02000,6.00000,300.00010,300.00030,1.0000000,0,0,0,0,0,0,0.0000,0.0000,1,1,0.0000,0.0000
1.10000,0.00000,8.00000,330.00000,0.02000,6.00000,300.00010,300.00030,1.0000000,0,0,0,0,0,0,0.0000,0.0000,1,1,0.0000,0.0000
1.12000,0.00000,8.00000,336.00000,0.02000,6.00000,300.00010,300.00030,1.0000000,0,0,0,0,0,0,0.0000,0.0000,1,1,0.0000,0.0000
1.14000,0.00000,8.00000,342.00000,0.02000,6.00000,300.00010,300.00030,1.0000000,0,0,0,0,0,0,0.0000,0.0000,1,1,0.0000,0.0000
1.16000,0.00000,8.00000,348.00000,0.02000,6.00000,300.00010,300.00030,1.0000000,0,0,0,0,0,0,0.0000,0.0000,1,1,0.0000,0.0000
1.18000,0.00000,8.00000,354.00000,0.02000,6.00000,300.00010,300.00030,1.0000000,0,0,0,0,0,0,0.0000,0.0000,1,1,0.0000,0.0000
1.20000,0.00000,8.00000,360.00000,0.02000,6.00000,300.00010,300.00030,1.0000000,0,0,0,0,0,0,0.0000,0.0000,1,1,0.0000,0.0000
1.22000,0.00000,8.00000,366.00000,0.02000,6.00000,300.00010,300.00030,1.0000000,0,0,0,0,0,0,0.0000,0.0000,1,1,0.0000,0.0000
1.24000,0.00000,8.00000,372.00000,0.02000,6.00000,300.00010,300.00030,1.0000000,0,0,0,0,0,0,0.0000,0.0000,1,1,0.0000,0.0000
1.26000,0.00000,8.00000,378.00000,0.02000,6.00000,300.00010,300.00030,1.0000000,0,0,0,0,0,0,0.0000,0.0000,1,1,0.0000,0.0000
1.28000,0.00000,8.00000,384.00000,0.02000,6.00000,300.00010,300.00030,1.0000000,0,0,0,0,0,0,0.0000,0.0000,1,1,0.0000,0.0000
1.30000,0.00000,8.00000,390.00000,0.02000,6.00000,300.00010,300.00030,1.0000000,0,0,0,0,0,0,0.0000,0.0000,1,1,0.0000,0.0000
1.32000,0.00000,8.00000,396.00000,0.02000,6.00000,300.00010,300.00030,1.0000000,0,0,0,0,0,0,0.0000,0.0000,1,1,0.0000,0.0000
1.34000,0.00000,8.00000,402.00000,0.02000,6.00000,300.00010,300.00030,1.0000000,0,0,0,0,0,0,0.0000,0.0000,1,1,0.0000,0.0000
1.36000,0.00000,8.00000,408.00000,0.02000,6.00000,300.00010,300.00030,1.0000000,0,0,0,0,0,0,0.0000,0.0000,1,1,0.0000,0.0000
1.38000,0.00000,8.00000,414.00000,0.02000,6.00000,300.00010,300.00030,1.0000000,0,0,0,0,0,0,0.0000,0.0000,1,1,0.0000,0.0000
1.40000,0.00000,8.00000,420.00000,0.02000,6.00000,300.00010,300.00030,1.0000000,0,0,0,0,0,0,0.0000,0.0000,1,1,0.0000,0.0000
1.42000,0.00000,8.00000,426.00000,0.02000,6.00000,300.00010,300.00030,1.0000000,0,0,0,0,0,0,0.0000,0.0000,1,1,0.0000,0.0000
1.44000,0.00000,8.00000,432.00000,0.02000,6.00000,300.00010,300.00030,1.0000000,0,0,0,0,0,0,0.0000,0.0000,1,1,0.0000,0.0000
1.46000,0.00000,8.00000,438.00000,0.02000,6.00000,300.00010,300.00030,1.0000000,0,0,0,0,0,0,0.0000,0.0000,1,1,0.0000,0.0000
1.48000,0.00000,8.00000,444.00000,0.02000,6.00000,300.00010,300.00030,1.0000000,0,0,0,0,0,0,0.0000,0.0000,1,1,0.0000,0.0000
1.50000,0.00000,8.00000,450.00000,0.02000,6.00000,300.00010,300.00030,1.0000000,0,0,0,0,0,0,0.0000,0.0000,1,1,0.0000,0.0000
1.52000,0.00000,8.00000,456.00000,0.02000,6.00000,300.00010,300.00030,1.0000000,0,0,0,0,0,0,0.0000,0.0000,1,1,0.0000,0.0000
1.54000,0.00000,8.00000,462.00000,0.02000,6.00000,300.00010,300.00030,1.0000000,0,0,0,0,0,0,0.0000,0.0000,1,1,0.0000,0.0000
1.56000,0.00000,8.00000,468.00000,0.02000,6.00000,300.00010,300.00030,1.0000000,0,0,0,0,0,0,0.0000,0.0000,1,1,0.0000,0.0000
1.58000,0.00000,8.00000,474.00000,0.02000,6.00000,300.00010,300.00030,1.0000000,0,0,0,0,0,0,0.0000,0.0000,1,1,0.0000,0.0000
1.60000,0.00000,8.00000,480.00000,0.02000,6.00000,300.00010,300.00030,1.0000000,0,0,0,0,0,0,0.0000,0.0000,1,1,0.0000,0.0000
1.62000,0.00000,8.00000,486.00000,0.02000,6.00000,300.00010,300.00030,1.0000000,0,0,0,0,0,0,0.0000,0.0000,1,1,0.0000,0.0000
1.64000,0.00000,8.00000,492.00000,0.02000,6.00000,300.00010,300.00030,1.0000000,0,0,0,0,0,0,0.0000,0.0000,1,1,0.0000,0.0000
1.66000,0.00000,8.00000,498.00000,0.02000,6.00000,300.00010,300.00030,1.0000000,0,0,0,0,0,0,0.0000,0.0000,1,1,0.0000,0.0000
1.68000,0.00000,8.00000,504.00000,0.02000,6.00000,300.00010,300.00030,1.0000000,0,0,0,0,0,0,0.0000,0.0000,1,1,0.0000,0.0000
1.70000,0.00000,8.00000,510.00000,0.02000,6.00000,300.00010,300.00030,1.0000000,0,0,0,0,0,0,0.0000,0.0000,1,1,0.0000,0.0000
1.72000,0.00000,8.00000,515.99990,0.02000,5.99997,299.99860,299.99870,1.0000000,0,0,0,0,0,0,0.0000,0.0000,1,1,0.0000,0.0000
1.74000,0.00000,8.00000,521.99990,0.02000,6.00000,300.00010,300.00030,1.0000000,0,0,0,0,0,0,0.0000,0.0000,1,1,0.0000,0.0000
1.76000,0.00000,8.00000,527.99990,0.02000,6.00000,300.00010,300.00030,1.0000000,0,0,0,0,0,0,0.0000,0.0000,1,1,0.0000,0.0000
1.78000,0.00000,8.00000,533.99990,0.02000,6.00000,300.00010,300.00030,1.0000000,0,0,0,0,0,0,0.0000,0.0000,1,1,0.0000,0.0000
1.80000,0.00000,8.00000,539.99990,0.02000,6.00000,300.00010,300.00030,1.0000000,0,0,0,0,0,0,0.0000,0.0000,1,1,0.0000,0.0000
1.82000,0.00000,8.00000,545.99990,0.02000,6.00000,300.00010,300.00030,1.0000000,0,0,0,0,0,0,0.0000,0.0000,1,1,0.0000,0.0000
1.84000,0.00000,8.00000,551.99990,0.02000,6.00000,300.00010,300.00030,1.0000000,0,0,0,0,0,0,0.0000,0.0000,1,1,0.0000,0.0000
1.86000,0.00000,8.00000,557.99990,0.02000,6.00000,300.00010,300.00030,1.0000000,0,0,0,0,0,0,0.0000,0.0000,1,1,0.0000,0.0000
1.88000,0.00000,8.00000,563.99990,0.02000,6.00000,300.00010,300.00030,1.0000000,0,0,0,0,0,0,0.0000,0.0000,1,1,0.0000,0.0000
1.90000,0.00000,8.00000,569.99990,0.02000,6.00000,300.00010,300.00030,1.0000000,0,0,0,0,0,0,0.0000,0.0000,1,1,0.0000,0.0000
1.92000,0.00000,8.00000,575.99990,0.02000,6.00000,300.00010,300.00030,1.0000000,0,0,0,0,0,0,0.0000,0.0000,1,1,0.0000,0.0000
1.94000,0.00000,8.00000,581.99990,0.02000,6.00000,300.00010,300.00030,1.0000000,0,0,0,0,0,0,0.0000,0.0000,1,1,0.0000,0.0000
1.96000,0.00000,8.00000,587.99990,0.02000,6.00000,300.00010,300.00030,1.0000000,0,0,0,0,0,0,0.0000,0.0000,1,1,0.0000,0.0000
1.98000,0.00000,8.00000,593.99990,0.02000,6.00000,300.00010,300.00030,1.0000000,0,0,0,0,0,0,0.0000,0.0000,1,1,0.0000,0.0000
2.00000,0.00000,8.00000,599.99990,0.02000,6.00000,300.00010,300.00030,1.0000000,0,0,0,0,0,0,0.0000,0.0000,1,1,0.0000,0.0000
2.02000,0.00000,8.00000,605.99990,0.02000,6.00000,300.00010,300.00030,1.0000000,0,0,0,0,0,0,0.0000,0.0000,1,1,0.0000,0.0000
2.04000,0.00000,8.00000,611.99990,0.02000,6.00000,300.00010,300.00030,1.0000000,0,0,0,0,0,0,0.0000,0.0000,1,1,0.0000,0.0000
2.06000,0.00000,8.00000,617.99990,0.02000,6.00000,300.00010,300.00030,1.0000000,0,0,0,0,0,0,0.0000,0.0000,1,1,0.0000,0.0000
2.08000,0.00000,8.00000,623.99990,0.02000,6.00000,300.00010,300.00030,1.0000000,0,0,0,0,0,0,0.0000,0.0000,1,1,0.0000,0.0000
2.10000,0.00000,8.00000,629.99990,0.02000,6.00000,300.00010,300.00030,1.0000000,0,0,0,0,0,0,0.0000,0.0000,1,1,0.0000,0.0000
2.12000,0.00000,8.00000,635.99990,0.02000,6.00000,300.00010,300.00030,1.0000000,0,0,0,0,0,0,0.0000,0.0000,1,1,0.0000,0.0000
2.14000,0.00000,8.00000,641.99990,0.02000,6.00000,300.00010,300.00030,1.0000000,0,0,0,0,0,0,0.0000,0.0000,1,1,0.0000,0.0000
2.16000,0.00000,8.00000,647.99990,0.02000,6.00000,300.00010,300.00030,1.0000000,0,0,0,0,0,0,0.0000,0.0000,1,1,0.0000,0.0000
2.18000,0.00000,8.00000,653.99990,0.02000,6.00000,300.00010,300.00030,1.0000000,0,0,0,0,0,0,0.0000,0.0000,1,1,0.0000,0.0000
2.20000,0.00000,8.00000,659.99990,0.02000,6.00000,300.00010,300.00030,1.0000000,0,0,0,0,0,0,0.0000,0.0000,1,1,0.0000,0.0000
2.22000,0.00000,8.00000,665.99990,0.02000,6.00000,300.00010,300.00030,1.0000000,0,0,0,0,0,0,0.0000,0.0000,1,1,0.0000,0.0000
2.24000,0.00000,8.00000,671.99990,0.02000,6.00000,300.00010,300.00030,1.0000000,0,0,0,0,0,0,0.0000,0.0000,1,1,0.0000,0.0000
2.26000,0.00000,8.00000,677.99990,0.02000,6.00000,300.00010,300.00030,1.0000000,0,0,0,0,0,0,0.0000,0.0000,1,1,0.0000,0.0000
2.28000,0.00000,8.00000,683.99990,0.02000,6.00000,300.00010,300.00030,1.0000000,0,0,0,0,0,0,0.0000,0.0000,1,1,0.0000,0.0000
2.30000,0.00000,8.00000,689.99990,0.02000,6.00000,300.00010,300.00030,1.0000000,0,0,0,0,0,0,0.0000,0.0000,1,1,0.0000,0.0000
2.32000,0.00000,8.00000,695.99990,0.02000,6.00000,300.00010,300.00030,1.0000000,0,0,0,0,0,0,0.0000,0.0000,1,1,0.0000,0.0000
2.34000,0.00000,8.00000,701.99990,0.02000,6.00000,300.00010,300.00030,1.0000000,0,0,0,0,0,0,0.0000,0.0000,1,1,0.0000,0.0000
2.36000,0.00000,8.00000,707.99990,0.02000,6.00000,300.00010,300.00030,1.0000000,0,0,0,0,0,0,0.0000,0.0000,1,1,0.0000,0.0000
2.38000,0.00000,8.00000,713.99990,0.02000,6.00000,300.00010,300.00030,1.0000000,0,0,0,0,0,0,0.0000,0.0000,1,1,0.0000,0.0000
2.40000,0.00000,8.00000,719.99990,0.02000,6.00000,300.00010,300.00030,1.0000000,0,0,0,0,0,0,0.0000,0.0000,1,1,0.0000,0.0000
2.42000,0.00000,8.00000,725.99990,0.02000,6.00000,300.00010,300.00030,1.0000000,0,0,0,0,0,0,0.0000,0.0000,1,1,0.0000,0.0000
2.44000,0.00000,8.00000,731.99990,0.02000,6.00000,300.00010,300.00030,1.0000000,0,0,0,0,0,0,0.0000,0.0000,1,1,0.0000,0.0000
2.46000,0.00000,8.00000,737.99990,0.02000,6.00000,300.00010,300.00030,1.0000000,0,0,0,0,0,0,0.0000,0.0000,1,1,0.0000,0.0000
2.48000,0.00000,8.00000,743.99990,0.02000,6.00000,300.00010,300.00030,1.0000000,0,0,0,0,0,0,0.0000,0.0000,1,1,0.0000,0.0000
2.50000,0.00000,8.00000,749.99990,0.02000,6.00000,300.00010,300.00030,1.0000000,0,0,0,0,0,0,0.0000,0.0000,1,1,0.0000,0.0000
2.52000,0.00000,8.00000,755.99990,0.02000,6.00000,300.00010,300.00030,1.0000000,0,0,0,0,0,0,0.0000,0.0000,1,1,0.0000,0.0000
2.54000,0.00000,8.00000,761.99990,0.02000,6.00000,300.00010,300.00030,1.0000000,0,0,0,0,0,0,0.0000,0.0000,1,1,0.0000,0.0000
2.56000,0.00000,8.00000,767.99990,0.02000,6.00000,300.00010,300.00030,1.0000000,0,0,0,0,0,0,0.0000,0.0000,1,1,0.0000,0.0000
2.58000,0.00000,8.00000,773.99990,0.02000,6.00000,300.00010,300.00030,1.0000000,0,0,0,0,0,0,0.0000,0.0000,1,1,0.0000,0.0000
2.60000,0.00000,8.00000,779.99990,0.02000,6.00000,300.00010,300.00030,1.0000000,0,0,0,0,0,0,0.0000,0.0000,1,1,0.0000,0.0000
2.62000,0.00000,8.00000,785.99990,0.02000,6.00000,300.00010,300.00030,1.0000000,0,0,0,0,0,0,0.0000,0.0000,1,1,0.0000,0.0000
2.64000,0.00000,8.00000,791.99990,0.02000,6.00000,300.00010,300.00030,1.0000000,0,0,0,0,0,0,0.0000,0.0000,1,1,0.0000,0.0000
2.66000,0.00000,8.00000,797.99990,0.02000,6.00000,300.00010,300.00030,1.0000000,0,0,0,0,0,0,0.0000,0.0000,1,1,0.0000,0.0000
2.68000,0.00000,8.00000,803.99990,0.02000,6.00000,300.00010,300.00030,1.0000000,0,0,0,0,0,0,0.0000,0.0000,1,1,0.0000,0.0000
2.70000,0.00000,8.00000,809.99990,0.02000,6.00000,300.00010,300.00030,1.0000000,0,0,0,0,0,0,0.0000,0.0000,1,1,0.0000,0.0000
2.72000,0.00000,8.00000,815.99990,0.02000,6.00000,300.00010,300.00030,1.0000000,0,0,0,0,0,0,0.0000,0.0000,1,1,0.0000,0.0000
2.74000,0.00000,8.00000,821.99990,0.02000,6.00000,300.00010,300.00030,1.0000000,0,0,0,0,0,0,0.0000,0.0000,1,1,0.0000,0.0000
2.76000,0.00000,8.00000,827.99990,0.02000,6.00000,300.00010,300.00030,1.0000000,0,0,0,0,0,0,0.0000,0.0000,1,1,0.0000,0.0000
2.78000,0.00000,8.00000,833.99990,0.02000,6.00000,300.00010,300.00030,1.0000000,0,0,0,0,0,0,0.0000,0.0000,1,1,0.0000,0.0000
2.80000,0.00000,8.00000,839.99990,0.02000,6.00000,300.00010,300.00030,1.0000000,0,0,0,0,0,0,0.0000,0.0000,1,1,0.0000,0.0000
2.82000,0.00000,8.00000,845.99990,0.02000,6.00000,300.00010,300.00030,1.0000000,0,0,0,0,0,0,0.0000,0.0000,1,1,0.0000,0.0000
2.84000,0.00000,8.00000,851.99990,0.02000,6.00000,300.00010,300.00030,1.0000000,0,0,0,0,0,0,0.0000,0.0000,1,1,0.0000,0.0000
2.86000,0.00000,8.00000,857.99990,0.02000,6.00000,300.00010,300.00030,1.0000000,0,0,0,0,0,0,0.0000,0.0000,1,1,0.0000,0.0000
2.88000,0.00000,8.00000,863.99990,0.02000,6.00000,300.00010,300.00030,1.0000000,0,0,0,0,0,0,0.0000,0.0000,1,1,0.0000,0.0000
2.90000,0.00000,8.00000,869.99990,0.02000,6.00000,300.00010,300.00030,1.0000000,0,0,0,0,0,0,0.0000,0.0000,1,1,0.0000,0.0000
2.92000,0.00000,8.00000,875.99990,0.02000,6.00000,300.00010,300.00030,1.0000000,0,0,0,0,0,0,0.0000,0.0000,1,1,0.0000,0.0000
2.94000,0.00000,8.00000,881.99990,0.02000,6.00000,300.00010,300.00030,1.0000000,0,0,0,0,0,0,0.0000,0.0000,1,1,0.0000,0.0000
2.96000,0.00000,8.00000,887.99990,0.02000,6.00000,300.00010,300.00030,1.0000000,0,0,0,0,0,0,0.0000,0.0000,1,1,0.0000,0.0000
2.98000,0.00000,8.00000,893.99990,0.02000,6.00000,300.00010,300.00030,1.0000000,0,0,0,0,0,0,0.0000,0.0000,1,1,0.0000,0.0000
3.00000,0.00000,8.00000,899.99990,0.02000,6.00000,300.00010,300.00030,1.0000000,0,0,0,0,0,0,0.0000,0.0000,1,1,0.0000,0.0000
3.02000,0.00000,8.00000,905.99990,0.02000,6.00000,300.00010,300.00030,1.0000000,0,0,0,0,0,0,0.0000,0.0000,1,1,0.0000,0.0000
3.04000,0.00000,8.00000,911.99990,0.02000,6.00000,300.00010,300.00030,1.0000000,0,0,0,0,0,0,0.0000,0.0000,1,1,0.0000,0.0000
3.06000,0.00000,8.00000,917.99990,0.02000,6.00000,300.00010,300.00030,1.0000000,0,0,0,0,0,0,0.0000,0.0000,1,1,0.0000,0.0000
3.08000,0.00000,8.00000,923.99990,0.02000,6.00000,300.00010,300.00030,1.0000000,0,0,0,0,0,0,0.0000,0.0000,1,1,0.0000,0.0000
3.10000,0.00000,8.00000,929.99990,0.02000,6.00000,300.00010,300.00030,1.0000000,0,0,0,0,0,0,0.0000,0.0000,1,1,0.0000,0.0000
3.12000,0.00000,8.00000,935.99990,0.02000,6.00000,300.00010,300.00030,1.0000000,0,0,0,0,0,0,0.0000,0.0000,1,1,0.0000,0.0000
3.14000,0.00000,8.00000,941.99990,0.02000,6.00000,300.00010,300.00030,1.0000000,0,0,0,0,0,0,0.0000,0.0000,1,1,0.0000,0.0000
3.16000,0.00000,8.00000,947.99990,0.02000,6.00000,300.00010,300.00030,1.0000000,0,0,0,0,0,0,0.0000,0.0000,1,1,0.0000,0.0000
3.18000,0.00000,8.00000,953.99990,0.02000,6.00000,300.00010,300.00030,1.0000000,0,0,0,0,0,0,0.0000,0.0000,1,1,0.0000,0.0000
3.20000,0.00000,8.00000,959.99990,0.02000,6.00000,300.00010,300.00030,1.0000000,0,0,0,0,0,0,0.0000,0.0000,1,1,0.0000,0.0000
3.22000,0.00000,8.00000,965.99990,0.02000,6.00000,300.00010,300.00030,1.0000000,0,0,0,0,0,0,0.0000,0.0000,1,1,0.0000,0.0000
3.24000,0.00000,8.00000,971.99990,0.02000,6.00000,300.00010,300.00030,1.0000000,0,0,0,0,0,0,0.0000,0.0000,1,1,0.0000,0.0000
3.26000,0.00000,8.00000,977.99990,0.02000,6.00000,300.00010,300.00030,1.0000000,1,0,0,0,0,0,0.0000,0.0000,1,1,0.0000,0.0000
3.28000,0.00000,8.00000,983.99990,0.02000,6.00000,300.00010,300.00030,1.0000000,1,0,0,0,0,0,0.0000,0.0000,1,1,0.0000,0.0000
3.30000,0.00000,8.00000,989.99990,0.02000,6.00000,300.00010,300.00030,1.0000000,1,0,0,0,0,0,0.0000,0.0000,1,1,0.0000,0.0000
3.32000,0.00000,8.00000,995.99990,0.02000,6.00000,300.00010,300.00030,1.0000000,1,0,0,0,0,0,0.0000,0.0000,1,1,0.0000,0.0000
3.34000,0.00000,8.00000,1002.00000,0.02000,6.00000,300.00010,300.00030,1.0000000,1,0,0,0,0,0,0.0000,0.0000,1,1,0.0000,0.0000
3.36000,0.00000,8.00000,1008.00000,0.02000,6.00000,300.00010,300.00030,1.0000000,1,0,0,0,0,0,0.0000,0.0000,1,1,0.0000,0.0000
3.38000,0.00000,8.00000,1014.00000,0.02000,6.00000,300.00010,300.00030,1.0000000,1,0,0,0,0,0,0.0000,0.0000,1,1,0.0000,0.0000
3.40000,0.00000,8.00000,1020.00000,0.02000,6.00000,300.00010,300.00030,1.0000000,1,0,0,0,0,0,0.0000,0.0000,1,1,0.0000,0.0000
3.42000,0.00000,8.00000,1026.00000,0.02000,5.99994,299.99710,299.99720,1.0000000,1,0,0,0,0,0,0.0000,0.0000,1,1,0.0000,0.0000
3.44000,0.00000,8.00000,1032.00000,0.02000,6.00000,300.00010,300.00030,1.0000000,1,0,0,0,0,0,0.0000,0.0000,1,1,0.0000,0.0000
3.46000,0.00000,8.00000,1038.00000,0.02000,6.00000,300.00010,300.00030,1.0000000,1,0,0,0,0,0,0.0000,0.0000,1,1,0.0000,0.0000
3.48000,0.00000,8.00000,1044.00000,0.02000,6.00000,300.00010,300.00030,1.0000000,1,0,0,0,0,0,0.0000,0.0000,1,1,0.0000,0.0000
3.50000,0.00000,8.00000,1050.00000,0.02000,6.00000,300.00010,300.00030,1.0000000,1,0,2,2,0,0,0.0000,0.0000,1,1,0.0000,0.0000
3.56000,0.00000,8.00000,1068.00000,0.06000,18.00000,300.00010,300.00030,1.0000000,1,0,2,2,0,0,0.0000,0.0000,1,1,0.0000,0.0000
3.58000,0.00000,8.00000,1074.00000,0.02000,6.00000,300.00010,300.00030,1.0000000,1,0,2,2,0,0,0.0000,0.0000,1,1,0.0000,0.0000
3.60000,0.00000,8.00000,1080.00000,0.02000,6.00000,300.00010,300.00030,1.0000000,1,0,2,2,0,0,0.0000,0.0000,1,1,0.0000,0.0000
3.62000,0.00000,8.00000,1086.00000,0.02000,6.00000,300.00010,300.00030,1.0000000,1,0,2,2,0,0,0.0000,0.0000,1,1,0.0000,0.0000
3.64000,0.00000,8.00000,1092.00000,0.02000,6.00000,300.00010,300.00030,1.0000000,1,0,2,2,0,0,0.0000,0.0000,1,1,0.0000,0.0000
3.66000,0.00000,8.00000,1098.00000,0.02000,6.00000,300.00010,300.00030,1.0000000,1,0,2,2,0,0,0.0000,0.0000,1,1,0.0000,0.0000
3.68000,0.00000,8.00000,1104.00000,0.02000,6.00000,300.00010,300.00030,1.0000000,1,0,2,2,0,0,0.0000,0.0000,1,1,0.0000,0.0000
3.70000,0.00000,8.00000,1110.00000,0.02000,6.00000,300.00010,300.00030,1.0000000,1,0,3,2,0,0,0.0000,0.0000,1,1,0.0000,0.0000
3.72000,0.00000,8.00000,1116.00000,0.02000,6.00000,300.00010,300.00030,1.0000000,1,0,3,2,0,0,0.0000,0.0000,1,1,0.0000,0.0000
3.74000,0.00000,8.00000,1122.00000,0.02000,6.00000,300.00010,300.00030,1.0000000,1,0,5,2,0,0,0.0000,0.0000,1,1,0.0000,0.0000
3.76000,0.00000,8.00000,1128.00000,0.02000,6.00000,300.00010,300.00030,1.0000000,1,0,5,2,0,0,0.0000,0.0000,1,1,0.0000,0.0000
3.78000,0.00000,8.00000,1134.00000,0.02000,6.00000,300.00010,300.00030,1.0000000,1,0,5,2,0,0,0.0000,0.0000,1,1,0.0000,0.0000
3.80000,0.00000,8.00000,1140.00000,0.02000,6.00000,300.00010,300.00030,1.0000000,1,0,5,2,0,0,0.0000,0.0000,1,1,0.0000,0.0000
3.82000,0.00000,8.00000,1146.00000,0.02000,6.00000,300.00010,300.00030,1.0000000,1,0,5,2,0,0,0.0000,0.0000,1,1,0.0000,0.0000
3.84000,0.00000,8.00000,1152.00000,0.02000,6.00000,300.00010,300.00030,1.0000000,1,0,5,2,0,0,0.0000,0.0000,1,1,0.0000,0.0000
3.86000,0.00000,8.00000,1158.00000,0.02000,6.00000,300.00010,300.00030,1.0000000,1,0,5,2,0,0,0.0000,0.0000,1,1,0.0000,0.0000
3.88000,0.00000,8.00000,1164.00000,0.02000,6.00000,300.00010,300.00030,1.0000000,1,0,5,2,0,0,0.0000,0.0000,1,1,0.0000,0.0000
3.90000,0.00000,8.00000,1170.00000,0.02000,6.00000,300.00010,300.00030,1.0000000,1,0,5,2,0,0,0.0000,0.0000,1,1,0.0000,0.0000
3.92000,0.00000,8.00000,1176.00000,0.02000,6.00000,300.00010,300.00030,1.0000000,1,0,5,2,0,0,0.0000,0.0000,1,1,0.0000,0.0000
3.94000,0.00000,8.00000,1182.00000,0.02000,6.00000,300.00010,300.00030,1.0000000,1,0,5,2,0,0,0.0000,0.0000,1,1,0.0000,0.0000
3.96000,0.00000,8.00000,1188.00000,0.02000,6.00000,300.00010,300.00030,1.0000000,1,0,5,2,0,0,0.0000,0.0000,1,1,0.0000,0.0000
3.98000,0.00000,8.00000,1194.00000,0.02000,6.00000,300.00010,300.00030,1.0000000,1,0,5,2,0,0,0.0000,0.0000,1,1,0.0000,0.0000
4.00000,0.00000,8.00000,1200.00000,0.02000,6.00000,300.00010,300.00030,1.0000000,1,0,5,2,0,0,0.0000,0.0000,1,1,0.0000,0.0000
4.02000,0.00000,8.00000,1206.00000,0.02000,6.00000,300.00010,299.99670,1.0000000,1,0,5,2,0,0,0.0000,0.0000,1,1,0.0000,0.0000
4.04000,0.00000,8.00000,1212.00000,0.02000,6.00000,300.00010,300.00030,1.0000000,1,0,5,2,0,0,0.0000,0.0000,1,1,0.0000,0.0000
4.06000,0.00000,8.00000,1218.00000,0.02000,6.00000,300.00010,300.00030,1.0000000,1,0,5,2,0,0,0.0000,0.0000,1,1,0.0000,0.0000
4.08000,0.00000,8.00000,1224.00000,0.02000,6.00000,300.00010,300.00030,1.0000000,1,0,5,2,0,0,0.0000,0.0000,1,1,0.0000,0.0000
4.10000,0.00000,8.00000,1230.00000,0.02000,6.00000,300.00010,300.00030,1.0000000,1,0,5,2,0,0,0.0000,0.0000,1,1,0.0000,0.0000
4.12000,0.00000,8.00000,1236.00000,0.02000,6.00000,300.00010,300.00030,1.0000000,1,0,5,2,0,0,0.0000,0.0000,1,1,0.0000,0.0000
4.14000,0.00000,8.00000,1242.00000,0.02000,6.00000,300.00010,300.00030,1.0000000,1,0,5,2,0,0,0.0000,0.0000,1,1,0.0000,0.0000
4.16000,0.00000,8.00000,1248.00000,0.02000,6.00000,300.00010,300.00030,1.0000000,1,0,5,2,0,0,0.0000,0.0000,1,1,0.0000,0.0000
4.18000,0.00000,8.00000,1254.00000,0.02000,6.00000,300.00010,300.00030,1.0000000,1,0,5,2,0,0,0.0000,0.0000,1,1,0.0000,0.0000
4.20000,0.00000,8.00000,1260.00000,0.02000,6.00000,300.00010,300.00030,1.0000000,1,0,5,2,0,0,0.0000,0.0000,1,1,0.0000,0.0000
4.22000,0.00000,8.00000,1266.00000,0.02000,6.00000,300.00010,300.00030,1.0000000,1,0,5,2,0,0,0.0000,0.0000,1,1,0.0000,0.0000
4.24000,0.00000,8.00000,1272.00000,0.02000,6.00000,300.00010,300.00030,1.0000000,1,0,5,2,0,0,0.0000,0.0000,1,1,0.0000,0.0000
4.26000,0.00000,8.00000,1278.00000,0.02000,6.00000,300.00010,300.00030,1.0000000,1,0,5,2,0,0,0.0000,0.0000,1,1,0.0000,0.0000
4.28000,0.00000,8.00000,1284.00000,0.02000,6.00000,300.00010,300.00030,1.0000000,1,0,5,2,0,0,0.0000,0.0000,1,1,0.0000,0.0000
4.30000,0.00000,8.00000,1290.00000,0.02000,6.00000,300.00010,300.00030,1.0000000,1,0,5,2,0,0,0.0000,0.0000,1,1,0.0000,0.0000
4.32000,0.00000,8.00000,1296.00000,0.02000,6.00000,300.00010,300.00030,1.0000000,1,0,5,2,0,0,0.0000,0.0000,1,1,0.0000,0.0000
4.34000,0.00000,8.00000,1302.00000,0.02000,6.00000,300.00010,300.00030,1.0000000,1,0,5,2,0,0,0.0000,0.0000,1,1,0.0000,0.0000
4.36000,0.00000,8.00000,1308.00000,0.02000,6.00000,300.00010,300.00030,1.0000000,1,0,5,2,0,0,0.0000,0.0000,1,1,0.0000,0.0000
4.38000,0.00000,8.00000,1314.00000,0.02000,6.00000,300.00010,300.00030,1.0000000,1,0,5,2,0,0,0.0000,0.0000,1,1,0.0000,0.0000
4.40000,0.00000,8.00000,1320.24000,0.02000,6.23999,311.99960,311.99980,1.0000000,1,0,5,2,1,0,0.0000,0.0000,1,1,0.0000,0.0000
4.42000,0.00000,8.00000,1326.72000,0.02000,6.47998,323.99910,323.99930,1.0000000,1,0,5,2,1,0,0.0000,0.0000,1,1,0.0000,0.0000
4.44000,0.00000,8.00000,1333.44000,0.02000,6.71997,335.99870,335.99880,1.0000000,1,0,5,2,1,0,0.0000,0.0000,1,1,0.0000,0.0000
4.46000,0.00000,8.00000,1340.40000,0.02000,6.95996,347.99820,347.99840,1.0000000,1,0,5,2,1,0,0.0000,0.0000,1,1,0.0000,0.0000
4.48000,0.00000,8.00000,1347.60000,0.02000,7.19995,359.99770,359.99790,1.0000000,1,0,5,2,1,0,0.0000,0.0000,1,1,0.0000,0.0000
4.50000,0.00000,8.00000,1355.04000,0.02000,7.43994,371.99720,371.99740,1.0000000,1,0,5,2,1,0,0.0000,0.0000,1,1,0.0000,0.0000
4.52000,0.00000,8.00000,1362.72000,0.02000,7.68005,384.00280,384.00310,1.0000000,1,0,5,2,1,0,0.0000,0.0000,1,1,0.0000,0.0000
4.54000,0.00000,8.00000,1370.64000,0.02000,7.92004,396.00230,396.00260,1.0000000,1,0,5,2,1,0,0.0000,0.0000,1,1,0.0000,0.0000
4.56000,0.00000,8.00000,1378.80000,0.02000,8.16003,408.00190,408.00210,1.0000000,1,0,5,2,1,0,0.0000,0.0000,1,1,0.0000,0.0000
4.58000,0.00000,8.00000,1387.20000,0.02000,8.40002,420.00140,420.00160,1.0000000,1,0,5,2,1,0,0.0000,0.0000,1,1,0.0000,0.0000
4.60000,0.00000,8.00000,1395.84000,0.02000,8.64002,432.00090,432.00120,1.0000000,1,0,5,2,1,0,0.0000,0.0000,1,1,0.0000,0.0000
4.62000,0.00000,8.00000,1404.72000,0.02000,8.88001,444.00040,444.00070,1.0000000,1,0,5,2,1,0,0.0000,0.0000,1,1,0.0000,0.0000
4.64000,0.00000,8.00000,1413.84000,0.02000,9.12000,455.99990,456.00020,1.0000000,1,0,5,2,1,0,0.0000,0.0000,1,1,0.0000,0.0000
4.66000,0.00000,8.00000,1423.20000,0.02000,9.35999,467.99950,467.99970,1.0000000,1,0,5,2,1,0,0.0000,0.0000,1,1,0.0000,0.0000
4.68000,0.00000,8.00000,1432.80000,0.02000,9.59998,479.99900,479.99920,1.0000000,1,0,5,2,1,0,0.0000,0.0000,1,1,0.0000,0.0000
4.70000,0.00000,8.00000,1442.64000,0.02000,9.83997,491.99850,491.99870,1.0000000,1,0,5,2,1,0,0.0000,0.0000,1,1,0.0000,0.0000
4.72000,0.00000,8.00000,1452.72000,0.02000,10.07996,503.99800,503.99830,1.0000000,1,0,5,2,1,0,0.0000,0.0000,1,1,0.0000,0.0000
4.74000,0.00000,8.00000,1463.04000,0.02000,10.31995,515.99750,515.99780,1.0000000,1,0,5,2,1,0,0.0000,0.0000,1,1,0.0000,0.0000
4.76000,0.00000,8.00000,1473.60000,0.02000,10.55994,527.99700,527.99730,1.0000000,1,0,5,2,1,0,0.0000,0.0000,1,1,0.0000,0.0000
4.78000,0.00000,8.00000,1484.40000,0.02000,10.80005,540.00260,540.00290,1.0000000,1,0,5,2,1,0,0.0000,0.0000,1,1,0.0000,0.0000
4.80000,0.00000,8.00000,1495.44000,0.02000,11.04004,552.00220,552.00250,1.0000000,1,0,5,2,1,0,0.0000,0.0000,1,1,0.0000,0.0000
4.82000,0.00000,8.00000,1506.72000,0.02000,11.28003,564.00170,564.00200,1.0000000,1,0,5,2,1,0,0.0000,0.0000,1,1,0.0000,0.0000
4.84000,0.00000,8.00000,1518.24000,0.02000,11.52002,576.00120,576.00150,1.0000000,1,0,7,2,1,0,0.0000,0.0000,1,1,0.0000,0.0000
4.86000,0.00000,8.00000,1530.00000,0.02000,11.76001,588.00070,588.00100,1.0000000,1,0,7,2,1,0,0.0000,0.0000,1,1,0.0000,0.0000
4.88000,0.00000,8.00000,1542.00000,0.02000,12.00000,600.00020,600.00050,1.0000000,1,0,7,2,1,0,0.0000,0.0000,1,1,0.0000,0.0000
4.90000,0.00000,8.00000,1554.24000,0.02000,12.23999,611.99980,612.00010,1.0000000,1,0,7,2,1,0,0.0000,0.0000,1,1,0.0000,0.0000
4.92000,0.00000,8.00000,1566.72000,0.02000,12.47998,623.99930,623.99960,1.0000000,1,0,7,2,1,0,0.0000,0.0000,1,1,0.0000,0.0000
4.94000,0.00000,8.00000,1579.44000,0.02000,12.71997,635.99880,635.99910,1.0000000,1,0,8,2,1,0,0.0000,0.0000,1,1,0.0000,0.0000
4.96000,0.00000,8.00000,1592.40000,0.02000,12.95996,647.99830,647.99870,1.0000000,1,0,8,2,1,0,0.0000,0.0000,1,1,0.0000,0.0000
4.98000,0.00000,8.00000,1605.60000,0.02000,13.19995,659.99780,659.99820,1.0000000,1,0,8,2,1,0,0.0000,0.0000,1,1,0.0000,0.0000
5.00000,0.00000,8.00000,1619.04000,0.02000,13.43994,671.99730,671.99770,1.0000000,1,0,8,2,1,0,0.0000,0.0000,1,1,0.0000,0.0000
5.02000,0.00000,8.00000,1632.72000,0.02000,13.68005,684.00290,684.00340,1.0000000,1,0,8,2,1,0,0.0000,0.0000,1,1,0.0000,0.0000
5.04000,0.00000,8.00000,1646.64000,0.02000,13.92004,696.00250,696.00290,1.0000000,1,0,8,2,1,0,0.0000,0.0000,1,1,0.0000,0.0000
5.06000,0.00000,8.00000,1660.80000,0.02000,14.16003,708.00200,708.00240,1.0000000,1,0,8,2,1,0,0.0000,0.0000,1,1,0.0000,0.0000
5.08000,0.00000,8.00000,1675.20000,0.02000,14.40002,720.00150,720.00190,1.0000000,1,0,8,2,1,0,0.0000,0.0000,1,1,0.0000,0.0000
5.10000,0.00000,8.00000,1689.84000,0.02000,14.64001,732.00100,732.00140,1.0000000,1,0,9,2,1,0,0.0000,0.0000,1,1,0.0000,0.0000
5.12000,0.00000,8.00000,1704.72000,0.02000,14.88000,744.00050,744.00100,1.0000000,1,0,9,2,1,0,0.0000,0.0000,1,1,0.0000,0.0000
5.14000,0.00000,8.00000,1719.84000,0.02000,15.12000,756.00010,756.00050,1.0000000,1,0,9,2,1,0,0.0000,0.0000,1,1,0.0000,0.0000
5.16000,0.00000,8.00000,1735.20000,0.02000,15.35999,767.99960,768.00000,1.0000000,1,0,9,2,1,0,0.0000,0.0000,1,1,0.0000,0.0000
5.18000,0.00000,8.00000,1750.80000,0.02000,15.59998,779.99910,779.99950,1.0000000,1,0,9,2,1,0,0.0000,0.0000,1,1,0.0000,0.0000
5.20000,0.00000,8.00000,1766.64000,0.02000,15.83997,791.99860,791.99900,1.0000000,1,0,9,2,1,0,0.0000,0.0000,1,1,0.0000,0.0000
5.22000,0.00000,8.00000,1782.72000,0.02000,16.07996,803.99810,803.99860,1.0000000,1,0,9,2,1,0,0.0000,0.0000,1,1,0.0000,0.0000
5.24000,0.00000,8.00000,1799.04000,0.02000,16.31995,815.99760,815.99810,1.0000000,1,0,9,2,1,0,0.0000,0.0000,1,1,0.0000,0.0000
5.26000,0.00000,8.00000,1815.59900,0.02000,16.55994,827.99710,827.99760,1.0000000,1,0,9,2,1,0,0.0000,0.0000,1,1,0.0000,0.0000
5.28000,0.00000,8.00000,1832.40000,0.02000,16.80005,840.00270,840.00320,1.0000000,1,0,9,2,1,0,0.0000,0.0000,1,1,0.0000,0.0000
5.30000,0.00000,8.00000,1849.44000,0.02000,17.04004,852.00230,852.00270,1.0000000,1,0,9,2,1,0,0.0000,0.0000,1,1,0.0000,0.0000
5.32000,0.00000,8.00000,1866.72000,0.02000,17.28003,864.00180,864.00230,1.0000000,1,0,9,2,1,0,0.0000,0.0000,1,1,0.0000,0.0000
5.34000,0.00000,8.00000,1884.24000,0.02000,17.52002,876.00130,876.00180,1.0000000,1,0,9,2,1,0,0.0000,0.0000,1,1,0.0000,0.0000
5.36000,0.00000,8.00000,1902.00000,0.02000,17.76001,888.00090,888.00130,1.0000000,1,0,9,2,1,0,0.0000,0.0000,1,1,0.0000,0.0000
5.38000,0.00000,8.00000,1920.00000,0.02000,18.00000,900.00040,900.00090,1.0000000,1,0,9,2,1,0,0.0000,0.0000,1,1,0.0000,0.0000
5.40000,0.00000,8.00000,1937.76000,0.02000,17.76001,888.00090,888.00130,1.0000000,1,0,9,2,0,0,0.0000,0.0000,1,1,0.0000,0.0000
5.42000,0.00000,8.00000,1955.28000,0.02000,17.52002,876.00130,876.00180,1.0000000,1,0,9,2,0,0,0.0000,0.0000,1,1,0.0000,0.0000
5.44000,0.00000,8.00000,1972.56000,0.02000,17.28003,864.00180,864.00230,1.0000000,1,0,9,2,0,0,0.0000,0.0000,1,1,0.0000,0.0000
5.46000,0.00000,8.00000,1989.60000,0.02000,17.04004,852.00230,852.00270,1.0000000,2,0,9,2,0,0,0.0000,0.0000,1,1,0.0000,0.0000
5.48000,0.00000,8.00000,2006.40000,0.02000,16.80005,840.00270,840.00320,1.0000000,2,0,9,2,0,0,0.0000,0.0000,1,1,0.0000,0.0000
5.50000,0.00000,8.00000,2022.96000,0.02000,16.55994,827.99710,827.99760,1.0000000,2,0,9,2,0,0,0.0000,0.0000,1,1,0.0000,0.0000
5.52000,0.00000,8.00000,2039.28000,0.02000,16.31995,815.99760,815.99810,1.0000000,2,0,9,2,0,0,0.0000,0.0000,1,1,0.0000,0.0000
5.54000,0.00000,8.00000,2055.36000,0.02000,16.07996,803.99810,803.99860,1.0000000,2,0,9,2,0,0,0.0000,0.0000,1,1,0.0000,0.0000
5.56000,0.00000,8.00000,2071.20000,0.02000,15.84009,792.00470,792.00510,1.0000000,2,0,9,2,0,0,0.0000,0.0000,1,1,0.0000,0.0000
5.58000,0.00000,8.00000,2086.80000,0.02000,15.60010,780.00520,780.00560,1.0000000,2,0,9,2,0,0,0.0000,0.0000,1,1,0.0000,0.0000
5.60000,0.00000,8.00000,2102.16000,0.02000,15.36011,768.00570,768.00610,1.0000000,2,0,9,2,0,0,0.0000,0.0000,1,1,0.0000,0.0000
5.62000,0.00000,8.00000,2117.28000,0.02000,15.11987,755.99400,755.99440,1.0000000,2,0,9,2,0,0,0.0000,0.0000,1,1,0.0000,0.0000
5.64000,0.00000,8.00000,2132.16000,0.02000,14.87988,743.99440,743.99490,1.0000000,2,0,9,2,0,0,0.0000,0.0000,1,1,0.0000,0.0000
5.66000,0.00000,8.00000,2146.80000,0.02000,14.63989,731.99490,731.99530,1.0000000,2,0,9,2,0,0,0.0000,0.0000,1,1,0.0000,0.0000
5.68000,0.00000,8.00000,2161.19900,0.02000,14.39990,719.99540,719.99580,1.0000000,2,0,9,2,0,0,0.0000,0.0000,1,1,0.0000,0.0000
5.70000,0.00000,8.00000,2175.35900,0.02000,14.15991,707.99590,707.99630,1.0000000,2,0,9,2,0,0,0.0000,0.0000,1,1,0.0000,0.0000
5.72000,0.00000,8.00000,2189.27900,0.02000,13.91992,695.99640,695.99680,1.0000000,2,0,9,2,0,0,0.0000,0.0000,1,1,0.0000,0.0000
5.74000,0.00000,8.00000,2202.95900,0.02000,13.67993,683.99680,683.99730,1.0000000,2,0,9,2,0,0,0.0000,0.0000,1,1,0.0000,0.0000
5.76000,0.00000,8.00000,2216.39900,0.02000,13.43994,671.99730,671.99770,1.0000000,2,0,9,2,0,0,0.0000,0.0000,1,1,0.0000,0.0000
5.78000,0.00000,8.00000,2229.59900,0.02000,13.19995,659.99780,659.99820,1.0000000,2,0,9,2,0,0,0.0000,0.0000,1,1,0.0000,0.0000
5.80000,0.00000,8.00000,2242.55900,0.02000,12.95996,647.99830,647.99870,1.0000000,2,0,9,2,0,0,0.0000,0.0000,1,1,0.0000,0.0000
5.82000,0.00000,8.00000,2255.27900,0.02000,12.71997,635.99880,635.99910,1.0000000,2,0,9,2,0,0,0.0000,0.0000,1,1,0.0000,0.0000
5.84000,0.00000,8.00000,2267.75900,0.02000,12.47998,623.99930,623.99960,1.0000000,2,0,9,2,0,0,0.0000,0.0000,1,1,0.0000,0.0000
5.86000,0.00000,8.00000,2279.99900,0.02000,12.23999,611.99980,612.00010,1.0000000,2,0,9,2,0,0,0.0000,0.0000,1,1,0.0000,0.0000
5.88000,0.00000,8.00000,2291.99900,0.02000,12.00000,600.00020,600.00050,1.0000000,2,0,9,2,0,0,0.0000,0.0000,1,1,0.0000,0.0000
5.90000,0.00000,8.00000,2303.75900,0.02000,11.76001,588.00070,588.00100,1.0000000,2,0,9,2,0,0,0.0000,0.0000,1,1,0.0000,0.0000
5.92000,0.00000,8.00000,2315.27900,0.02000,11.52002,576.00120,576.00150,1.0000000,2,0,9,2,0,0,0.0000,0.0000,1,1,0.0000,0.0000
5.94000,0.00000,8.00000,2326.55900,0.02000,11.28003,564.00170,564.00200,1.0000000,2,0,9,2,0,0,0.0000,0.0000,1,1,0.0000,0.0000
5.96000,0.00000,8.00000,2337.59900,0.02000,11.04004,552.00220,552.00250,1.0000000,2,0,9,2,0,0,0.0000,0.0000,1,1,0.0000,0.0000
5.98000,0.00000,8.00000,2348.39900,0.02000,10.80005,540.00260,540.00290,1.0000000,2,0,9,2,0,0,0.0000,0.0000,1,1,0.0000,0.0000
6.00000,0.00000,8.00000,2358.95900,0.02000,10.56006,528.00310,528.00340,1.0000000,2,0,9,2,0,0,0.0000,0.0000,1,1,0.0000,0.0000
6.02000,0.00000,8.00000,2369.27900,0.02000,10.32007,516.00360,516.00390,1.0000000,2,0,9,2,0,0,0.0000,0.0000,1,1,0.0000,0.0000
6.04000,0.00000,8.00000,2379.35900,0.02000,10.08008,504.00410,504.00440,1.0000000,2,0,9,2,0,0,0.0000,0.0000,1,1,0.0000,0.0000
6.06000,0.00000,8.00000,2389.19900,0.02000,9.84009,492.00460,492.00490,1.0000000,2,0,9,2,0,0,0.0000,0.0000,1,1,0.0000,0.0000
6.08000,0.00000,8.00000,2398.80000,0.02000,9.60010,480.00510,480.00530,1.0000000,2,0,9,2,0,0,0.0000,0.0000,1,1,0.0000,0.0000
6.10000,0.00000,8.00000,2408.16000,0.02000,9.36011,468.00560,468.00580,1.0000000,2,0,9,2,0,0,0.0000,0.0000,1,1,0.0000,0.0000
6.12000,0.00000,8.00000,2417.28000,0.02000,9.12012,456.00600,456.00630,1.0000000,2,0,9,2,0,0,0.0000,0.0000,1,1,0.0000,0.0000
6.14000,0.00000,8.00000,2426.16000,0.02000,8.87988,443.99430,443.99460,1.0000000,2,0,9,2,0,0,0.0000,0.0000,1,1,0.0000,0.0000
6.16000,0.00000,8.00000,2434.80000,0.02000,8.63989,431.99480,431.99500,1.0000000,2,0,9,2,0,0,0.0000,0.0000,1,1,0.0000,0.0000
6.18000,0.00000,8.00000,2443.19900,0.02000,8.39990,419.99530,419.99550,1.0000000,2,0,9,2,0,0,0.0000,0.0000,1,1,0.0000,0.0000
6.20000,0.00000,8.00000,2451.35900,0.02000,8.15991,407.99580,407.99600,1.0000000,2,0,9,2,0,0,0.0000,0.0000,1,1,0.0000,0.0000
6.22000,0.00000,8.00000,2459.27900,0.02000,7.91992,395.99620,395.99650,1.0000000,2,0,9,2,0,0,0.0000,0.0000,1,1,0.0000,0.0000
6.24000,0.00000,8.00000,2466.95900,0.02000,7.67993,383.99670,383.99690,1.0000000,2,0,9,2,0,0,0.0000,0.0000,1,1,0.0000,0.0000
6.26000,0.00000,8.00000,2474.39900,0.02000,7.43994,371.99720,371.99740,1.0000000,2,0,9,2,0,0,0.0000,0.0000,1,1,0.0000,0.0000
6.27999,0.00000,8.00000,2481.59900,0.02000,7.19995,359.99770,359.99790,1.0000000,2,0,9,2,0,0,0.0000,0.0000,1,1,0.0000,0.0000
6.29999,0.00000,8.00000,2488.55900,0.02000,6.95996,347.99820,347.99840,1.0000000,2,0,9,2,0,0,0.0000,0.0000,1,1,0.0000,0.0000
6.31999,0.00000,8.00000,2495.27900,0.02000,6.71997,335.99870,335.99880,1.0000000,2,0,9,2,0,0,0.0000,0.0000,1,1,0.0000,0.0000
6.33999,0.00000,8.00000,2501.75900,0.02000,6.47998,323.99910,323.99930,1.0000000,2,0,9,2,0,0,0.0000,0.0000,1,1,0.0000,0.0000
6.35999,0.00000,8.00000,2507.99900,0.02000,6.23999,311.99960,311.99980,1.0000000,2,0,9,2,0,0,0.0000,0.0000,1,1,0.0000,0.0000
6.37999,0.00000,8.00000,2513.99900,0.02000,6.00000,300.00010,300.00030,1.0000000,2,0,9,2,0,0,0.0000,0.0000,1,1,0.0000,0.0000
6.39999,0.00000,8.00000,2519.99900,0.02000,6.00000,300.00010,300.00030,1.0000000,2,0,9,2,0,0,0.0000,0.0000,1,1,0.0000,0.0000
6.41999,0.00000,8.00000,2525.99900,0.02000,6.00000,300.00010,300.00030,1.0000000,2,0,9,2,0,0,0.0000,0.0000,1,1,0.0000,0.0000
6.43999,0.00000,8.00000,2531.99900,0.02000,6.00000,300.00010,300.00030,1.0000000,2,0,9,2,0,0,0.0000,0.0000,1,1,0.0000,0.0000
6.45999,0.00000,8.00000,2537.99900,0.02000,6.00000,300.00010,300.00030,1.0000000,2,0,9,2,0,0,0.0000,0.0000,1,1,0.0000,0.0000
6.47999,0.00000,8.00000,2543.99900,0.02000,6.00000,300.00010,300.00030,1.0000000,2,0,9,2,0,0,0.0000,0.0000,1,1,0.0000,0.0000
6.49999,0.00000,8.00000,2549.99900,0.02000,6.00000,300.00010,300.00030,1.0000000,2,0,9,2,0,0,0.0000,0.0000,1,1,0.0000,0.0000
6.51999,0.00000,8.00000,2555.99900,0.02000,6.00000,300.00010,300.00030,1.0000000,2,0,9,2,0,0,0.0000,0.0000,1,1,0.0000,0.0000
6.53999,0.00000,8.00000,2561.99900,0.02000,6.00000,300.00010,300.00030,1.0000000,2,0,9,2,0,0,0.0000,0.0000,1,1,0.0000,0.0000
6.55999,0.00000,8.00000,2567.99900,0.02000,6.00000,300.00010,300.00030,1.0000000,2,0,9,2,0,0,0.0000,0.0000,1,1,0.0000,0.0000
6.57999,0.00000,8.00000,2573.99900,0.02000,6.00000,300.00010,300.00030,1.0000000,2,0,9,2,0,0,0.0000,0.0000,1,1,0.0000,0.0000
6.59999,0.00000,8.00000,2579.99900,0.02000,6.00000,300.00010,300.00030,1.0000000,2,0,9,2,0,0,0.0000,0.0000,1,1,0.0000,0.0000
6.61999,0.00000,8.00000,2585.99900,0.02000,6.00000,300.00010,300.00030,1.0000000,2,0,9,2,0,0,0.0000,0.0000,1,1,0.0000,0.0000
6.63999,0.00000,8.00000,2591.99900,0.02000,6.00000,300.00010,300.00030,1.0000000,2,0,9,2,0,0,0.0000,0.0000,1,1,0.0000,0.0000
6.65999,0.00000,8.00000,2597.99900,0.02000,6.00000,300.00010,300.00030,1.0000000,2,0,9,2,0,0,0.0000,0.0000,1,1,0.0000,0.0000
6.67999,0.00000,8.00000,2603.99900,0.02000,6.00000,300.00010,300.00030,1.0000000,2,0,9,2,0,0,0.0000,0.0000,1,1,0.0000,0.0000
6.69999,0.00000,8.00000,2609.99900,0.02000,6.00000,300.00010,300.00030,1.0000000,2,0,9,2,0,0,0.0000,0.0000,1,1,0.0000,0.0000
6.71999,0.00000,8.00000,2615.99900,0.02000,6.00000,300.00010,300.00030,1.0000000,2,0,9,2,0,0,0.0000,0.0000,1,1,0.0000,0.0000
6.73999,0.00000,8.00000,2621.99900,0.02000,6.00000,300.00010,300.00030,1.0000000,2,0,9,2,0,0,0.0000,0.0000,1,1,0.0000,0.0000
6.75999,0.00000,8.00000,2627.99900,0.02000,6.00000,300.00010,300.00030,1.0000000,2,0,9,2,0,0,0.0000,0.0000,1,1,0.0000,0.0000
6.77999,0.00000,8.00000,2633.99900,0.02000,6.00000,300.00010,300.00030,1.0000000,2,0,9,2,0,0,0.0000,0.0000,1,1,0.0000,0.0000
6.79999,0.00000,8.00000,2639.99900,0.02000,6.00000,300.00010,300.00030,1.0000000,2,0,9,2,0,0,0.0000,0.0000,1,1,0.0000,0.0000
6.81999,0.00000,8.00000,2645.99900,0.02000,6.00000,300.00010,300.00030,1.0000000,2,0,9,2,0,0,0.0000,0.0000,1,1,0.0000,0.0000
6.83999,0.00000,8.00000,2651.99900,0.02000,6.00000,300.00010,300.00030,1.0000000,2,0,9,2,0,0,0.0000,0.0000,1,1,0.0000,0.0000
6.85999,0.00000,8.00000,2657.99900,0.02000,6.00000,300.00010,300.00030,1.0000000,2,0,9,2,0,0,0.0000,0.0000,1,1,0.0000,0.0000
6.87999,0.00000,8.00000,2663.99900,0.02000,6.00000,300.00010,300.00030,1.0000000,2,0,9,2,0,0,0.0000,0.0000,1,1,0.0000,0.0000
6.89999,0.00000,8.00000,2669.99900,0.02000,6.00000,300.00010,300.00030,1.0000000,2,0,9,2,0,0,0.0000,0.0000,1,1,0.0000,0.0000
6.91999,0.00000,8.00000,2675.99900,0.02000,6.00000,300.00010,300.00030,1.0000000,2,0,9,2,0,0,0.0000,0.0000,1,1,0.0000,0.0000
6.93999,0.00000,8.00000,2681.99900,0.02000,6.00000,300.00010,300.00030,1.0000000,2,0,9,2,0,0,0.0000,0.0000,1,1,0.0000,0.0000
6.95999,0.00000,8.00000,2687.99900,0.02000,6.00000,300.00010,300.00030,1.0000000,2,0,9,2,0,0,0.0000,0.0000,1,1,0.0000,0.0000
6.97999,0.00000,8.00000,2693.99900,0.02000,6.00000,300.00010,300.00030,1.0000000,2,0,9,2,0,0,0.0000,0.0000,1,1,0.0000,0.0000
6.99999,0.00000,8.00000,2699.99900,0.02000,6.00000,300.00010,300.00030,1.0000000,2,0,9,2,0,0,0.0000,0.0000,1,1,0.0000,0.0000
7.01999,0.00000,8.00000,2705.99900,0.02000,6.00000,300.00010,300.00030,1.0000000,2,0,9,2,0,0,0.0000,0.0000,1,1,0.0000,0.0000
7.03999,0.00000,8.00000,2711.99900,0.02000,6.00000,300.00010,300.00030,1.0000000,2,0,9,2,0,0,0.0000,0.0000,1,1,0.0000,0.0000
7.05999,0.00000,8.00000,2717.99900,0.02000,6.00000,300.00010,300.00030,1.0000000,2,0,9,2,0,0,0.0000,0.0000,1,1,0.0000,0.0000
7.07999,0.00000,8.00000,2723.99900,0.02000,6.00000,300.00010,300.00030,1.0000000,2,0,9,2,0,0,0.0000,0.0000,1,1,0.0000,0.0000
7.09999,0.00000,8.00000,2729.99900,0.02000,6.00000,300.00010,300.00030,1.0000000,2,0,9,2,0,0,0.0000,0.0000,1,1,0.0000,0.0000
7.11999,0.00000,8.00000,2735.99900,0.02000,6.00000,300.00010,300.00030,1.0000000,2,0,9,2,0,0,0.0000,0.0000,1,1,0.0000,0.0000
7.13999,0.00000,8.00000,2741.99900,0.02000,6.00000,300.00010,300.00030,1.0000000,2,0,9,2,0,0,0.0000,0.0000,1,1,0.0000,0.0000
7.15999,0.00000,8.00000,2747.99900,0.02000,6.00000,300.00010,300.00030,1.0000000,2,0,9,2,0,0,0.0000,0.0000,1,1,0.0000,0.0000
7.17999,0.00000,8.00000,2753.99900,0.02000,6.00000,300.00010,300.00030,1.0000000,2,0,9,2,0,0,0.0000,0.0000,1,1,0.0000,0.0000
7.19999,0.00000,8.00000,2759.99900,0.02000,6.00000,300.00010,300.00030,1.0000000,2,0,9,2,0,0,0.0000,0.0000,1,1,0.0000,0.0000
7.21999,0.00000,8.00000,2765.99900,0.02000,6.00000,300.00010,300.00030,1.0000000,2,0,9,2,0,0,0.0000,0.0000,1,1,0.0000,0.0000
7.23999,0.00000,8.00000,2771.99900,0.02000,6.00000,300.00010,300.00030,1.0000000,2,0,9,2,0,0,0.0000,0.0000,1,1,0.0000,0.0000
7.25999,0.00000,8.00000,2777.99900,0.02000,6.00000,300.00010,300.00030,1.0000000,2,0,9,2,0,0,0.0000,0.0000,1,1,0.0000,0.0000
7.27999,0.00000,8.00000,2783.99900,0.02000,6.00000,300.00010,300.00030,1.0000000,2,0,9,2,0,0,0.0000,0.0000,1,1,0.0000,0.0000
7.29999,0.00000,8.00000,2789.99900,0.02000,6.00000,300.00010,300.00030,1.0000000,2,0,9,2,0,0,0.0000,0.0000,1,1,0.0000,0.0000
7.31999,0.00000,8.00000,2795.99900,0.02000,6.00000,300.00010,300.00030,1.0000000,2,0,9,2,0,0,0.0000,0.0000,1,1,0.0000,0.0000
7.33999,0.00000,8.00000,2801.99900,0.02000,6.00000,300.00010,300.00030,1.0000000,2,0,9,2,0,0,0.0000,0.0000,1,1,0.0000,0.0000
7.35999,0.00000,8.00000,2807.99900,0.02000,6.00000,300.00010,300.00030,1.0000000,2,0,9,2,0,0,0.0000,0.0000,1,1,0.0000,0.0000
7.37999,0.00000,8.00000,2813.99900,0.02000,6.00000,300.00010,300.00030,1.0000000,2,0,9,2,0,0,0.0000,0.0000,1,1,0.0000,0.0000
7.39999,0.00000,8.00000,2819.99900,0.02000,6.00000,300.00010,300.00030,1.0000000,2,0,9,2,0,0,0.0000,0.0000,1,1,0.0000,0.0000
7.41999,0.00000,8.00000,2825.99900,0.02000,6.00000,300.00010,300.00030,1.0000000,2,0,9,2,0,0,0.0000,0.0000,1,1,0.0000,0.0000
7.43999,0.00000,8.00000,2831.99900,0.02000,6.00000,300.00010,300.00030,1.0000000,2,0,9,2,0,0,0.0000,0.0000,1,1,0.0000,0.0000
7.45999,0.00000,8.00000,2837.99900,0.02000,6.00000,300.00010,300.00030,1.0000000,2,0,9,2,0,0,0.0000,0.0000,1,1,0.0000,0.0000
7.47999,0.00000,8.00000,2843.99900,0.02000,6.00000,300.00010,300.00030,1.0000000,2,0,9,2,0,0,0.0000,0.0000,1,1,0.0000,0.0000
7.49999,0.00000,8.00000,2849.99900,0.02000,6.00000,300.00010,300.00030,1.0000000,2,0,9,2,0,0,0.0000,0.0000,1,1,0.0000,0.0000
7.51999,0.00000,8.00000,2855.99900,0.02000,6.00000,300.00010,300.00030,1.0000000,2,0,9,2,0,0,0.0000,0.0000,1,1,0.0000,0.0000
7.53999,0.00000,8.00000,2861.99900,0.02000,6.00000,300.00010,300.00030,1.0000000,2,0,9,2,0,0,0.0000,0.0000,1,1,0.0000,0.0000
7.55999,0.00000,8.00000,2867.99900,0.02000,6.00000,300.00010,300.00030,1.0000000,2,0,9,2,0,0,0.0000,0.0000,1,1,0.0000,0.0000
7.57999,0.00000,8.00000,2873.99900,0.02000,6.00000,300.00010,300.00030,1.0000000,2,0,9,2,0,0,0.0000,0.0000,1,1,0.0000,0.0000
7.59999,0.00000,8.00000,2879.99900,0.02000,6.00000,300.00010,300.00030,1.0000000,2,0,9,2,0,0,0.0000,0.0000,1,1,0.0000,0.0000
7.61999,0.00000,8.00000,2885.99900,0.02000,6.00000,300.00010,300.00030,1.0000000,2,0,9,2,0,0,0.0000,0.0000,1,1,0.0000,0.0000
7.63999,0.00000,8.00000,2891.99900,0.02000,6.00000,300.00010,300.00030,1.0000000,2,0,9,2,0,0,0.0000,0.0000,1,1,0.0000,0.0000
7.65999,0.00000,8.00000,2897.99900,0.02000,6.00000,300.00010,300.00030,1.0000000,2,0,9,2,0,0,0.0000,0.0000,1,1,0.0000,0.0000
7.67999,0.00000,8.00000,2903.99900,0.02000,6.00000,300.00010,300.00030,1.0000000,2,0,9,2,0,0,0.0000,0.0000,1,1,0.0000,0.0000
7.69999,0.00000,8.00000,2909.99900,0.02000,6.00000,300.00010,300.00030,1.0000000,1,1,9,2,0,0,0.0000,0.0000,1,1,0.0000,0.0000
7.71999,0.00000,8.00000,2915.99900,0.02000,6.00000,300.00010,300.00030,1.0000000,1,1,9,2,0,0,0.0000,0.0000,1,1,0.0000,0.0000
7.73999,0.00000,8.00000,2921.99900,0.02000,6.00000,300.00010,300.00030,1.0000000,1,1,9,2,0,0,0.0000,0.0000,1,1,0.0000,0.0000
7.75999,0.00000,8.00000,2927.99900,0.02000,6.00000,300.00010,300.00030,1.0000000,1,1,9,2,0,0,0.0000,0.0000,1,1,0.0000,0.0000
7.77999,0.00000,8.00000,2933.99900,0.02000,6.00000,300.00010,300.00030,1.0000000,1,1,9,2,0,0,0.0000,0.0000,1,1,0.0000,0.0000
7.79999,0.00000,8.00000,2939.99900,0.02000,6.00000,300.00010,300.00030,1.0000000,1,1,9,2,0,0,0.0000,0.0000,1,1,0.0000,0.0000
7.81999,0.00000,8.00000,2945.99900,0.02000,6.00000,300.00010,300.00030,1.0000000,1,1,9,2,0,0,0.0000,0.0000,1,1,0.0000,0.0000
7.83999,0.00000,8.00000,2951.99900,0.02000,6.00000,300.00010,300.00030,1.0000000,1,1,9,2,0,0,0.0000,0.0000,1,1,0.0000,0.0000
7.85999,0.00000,8.00000,2957.99900,0.02000,6.00000,300.00010,300.00030,1.0000000,1,1,9,2,0,0,0.0000,0.0000,1,1,0.0000,0.0000
7.87999,0.00000,8.00000,2963.99900,0.02000,6.00000,300.00010,300.00030,1.0000000,1,1,9,2,0,0,0.0000,0.0000,1,1,0.0000,0.0000
7.89999,0.00000,8.00000,2969.99900,0.02000,6.00000,300.00010,300.00030,1.0000000,1,1,9,2,0,0,0.0000,0.0000,1,1,0.0000,0.0000
7.91999,0.00000,8.00000,2975.99900,0.02000,6.00000,300.00010,300.00030,1.0000000,1,1,9,2,0,0,0.0000,0.0000,1,1,0.0000,0.0000
7.93999,0.00000,8.00000,2981.99900,0.02000,6.00000,300.00010,300.00030,1.0000000,1,1,9,2,0,0,0.0000,0.0000,1,1,0.0000,0.0000
7.95999,0.00000,8.00000,2987.99900,0.02000,6.00000,300.00010,300.00030,1.0000000,1,1,9,2,0,0,0.0000,0.0000,1,1,0.0000,0.0000
7.97999,0.00000,8.00000,2993.99900,0.02000,6.00000,300.00010,300.00030,1.0000000,1,1,9,2,0,0,0.0000,0.0000,1,1,0.0000,0.0000
7.99999,0.00000,8.00000,2999.99900,0.02000,6.00000,300.00010,300.00030,1.0000000,1,1,9,2,0,0,0.0000,0.0000,1,1,0.0000,0.0000
8.01999,0.00000,8.00000,3005.99900,0.02000,6.00000,300.00010,300.00030,1.0000000,1,1,9,2,0,0,0.0000,0.0000,1,1,0.0000,0.0000
8.03999,0.00000,8.00000,3011.99900,0.02000,6.00000,300.00010,299.99310,1.0000000,1,1,9,2,0,0,0.0000,0.0000,1,1,0.0000,0.0000
8.05999,0.00000,8.00000,3017.99900,0.02000,6.00000,300.00010,299.99310,1.0000000,1,1,9,2,0,0,0.0000,0.0000,1,1,0.0000,0.0000
8.07999,0.00000,8.00000,3023.99900,0.02000,6.00000,300.00010,299.99310,1.0000000,1,1,9,2,0,0,0.0000,0.0000,1,1,0.0000,0.0000
8.10000,0.00000,8.00000,3029.99900,0.02000,6.00000,300.00010,299.99310,1.0000000,1,1,9,2,0,0,0.0000,0.0000,1,1,0.0000,0.0000
8.12000,0.00000,8.00000,3035.99900,0.02000,6.00000,300.00010,299.99310,1.0000000,1,1,9,2,0,0,0.0000,0.0000,1,1,0.0000,0.0000
8.14000,0.00000,8.00000,3041.99900,0.02000,6.00000,300.00010,299.99310,1.0000000,1,1,9,2,0,0,0.0000,0.0000,1,1,0.0000,0.0000
8.16000,0.00000,8.00000,3047.99900,0.02000,6.00000,300.00010,299.99310,1.0000000,1,1,9,2,0,0,0.0000,0.0000,1,1,0.0000,0.0000
8.18000,0.00000,8.00000,3053.99900,0.02000,6.00000,300.00010,299.99310,1.0000000,1,1,9,2,0,0,0.0000,0.0000,1,1,0.0000,0.0000
8.20000,0.00000,8.00000,3059.99900,0.02000,6.00000,300.00010,299.99310,1.0000000,1,1,9,2,0,0,0.0000,0.0000,1,1,0.0000,0.0000
8.22000,0.00000,8.00000,3065.99900,0.02000,6.00000,300.00010,299.99310,1.0000000,1,1,9,2,0,0,0.0000,0.0000,1,1,0.0000,0.0000
8.24000,0.00000,8.00000,3071.99900,0.02000,6.00000,300.00010,299.99310,1.0000000,1,1,9,2,0,0,0.0000,0.0000,1,1,0.0000,0.0000
8.26000,0.00000,8.00000,3077.99900,0.02000,6.00000,300.00010,299.99310,1.0000000,1,1,9,2,0,0,0.0000,0.0000,1,1,0.0000,0.0000
8.28000,0.00000,8.00000,3083.99900,0.02000,6.00000,300.00010,299.99310,1.0000000,1,1,9,2,0,0,0.0000,0.0000,1,1,0.0000,0.0000
8.30000,0.00000,8.00000,3089.99900,0.02000,6.00000,300.00010,299.99310,1.0000000,1,1,9,2,0,0,0.0000,0.0000,1,1,0.0000,0.0000
8.32000,0.00000,8.00000,3095.99900,0.02000,6.00000,300.00010,299.99310,1.0000000,1,1,9,2,0,0,0.0000,0.0000,1,1,0.0000,0.0000
8.34000,0.00000,8.00000,3101.99900,0.02000,6.00000,300.00010,299.99310,1.0000000,1,1,9,2,0,0,0.0000,0.0000,1,1,0.0000,0.0000
8.36000,0.00000,8.00000,3107.99900,0.02000,6.00000,300.00010,299.99310,1.0000000,0,2,9,2,0,0,0.0000,0.0000,1,1,0.0000,0.0000
8.38000,0.00000,8.00000,3113.39900,0.02000,5.39990,269.99520,269.98900,1.0000000,0,2,9,2,0,1,0.0000,0.0000,1,1,0.0000,0.0000
8.40000,0.00000,8.00000,3118.19900,0.02000,4.80005,240.00250,239.99690,1.0000000,0,2,9,2,0,1,0.0000,0.0000,1,1,0.0000,0.0000
8.42000,0.00000,8.00000,3122.39900,0.02000,4.19995,209.99760,209.99280,1.0000000,0,2,9,2,0,1,0.0000,0.0000,1,1,0.0000,0.0000
8.44000,0.00000,8.00000,3125.99900,0.02000,3.60010,180.00500,180.00080,1.0000000,0,2,9,2,0,1,0.0000,0.0000,1,1,0.0000,0.0000
8.46000,0.00000,8.00000,3128.99900,0.02000,3.00000,150.00010,149.99660,1.0000000,0,2,9,2,0,1,0.0000,0.0000,1,1,0.0000,0.0000
8.48000,0.00000,8.00000,3131.39900,0.02000,2.39990,119.99520,119.99240,1.0000000,0,2,9,2,0,1,0.0000,0.0000,1,1,0.0000,0.0000
8.50000,0.00000,8.00000,3133.19900,0.02000,1.80005,90.00248,90.00038,1.0000000,0,2,9,2,0,1,0.0000,0.0000,1,1,0.0000,0.0000
8.52000,0.00000,8.00000,3134.39900,0.02000,1.19995,59.99758,59.99619,1.0000000,0,2,9,2,0,1,0.0000,0.0000,1,1,0.0000,0.0000
8.54001,0.00000,8.00000,3134.99900,0.02000,0.60010,30.00489,30.00420,1.0000000,0,2,9,2,0,1,0.0000,0.0000,1,1,0.0000,0.0000
8.56001,0.00000,8.00000,3134.99900,0.02000,0.00000,0.00000,0.00000,1.0000000,0,2,9,2,0,1,0.0000,0.0000,1,1,0.0000,0.0000
8.58001,0.00000,8.00000,3134.99900,0.02000,0.00000,0.00000,0.00000,1.0000000,0,2,9,2,0,1,0.0000,0.0000,1,1,0.0000,0.0000
8.60001,0.00000,8.00000,3134.99900,0.02000,0.00000,0.00000,0.00000,1.0000000,0,2,9,2,0,1,0.0000,0.0000,1,1,0.0000,0.0000
8.62001,0.00000,8.00000,3134.99900,0.02000,0.00000,0.00000,0.00000,1.0000000,0,2,9,2,0,1,0.0000,0.0000,1,1,0.0000,0.0000
8.64001,0.00000,8.00000,3134.99900,0.02000,0.00000,0.00000,0.00000,1.0000000,0,2,9,2,0,1,0.0000,0.0000,1,1,0.0000,0.0000
8.66001,0.00000,8.00000,3134.99900,0.02000,0.00000,0.00000,0.00000,1.0000000,0,2,10,2,0,1,0.0000,0.0000,1,1,0.0000,0.0000
8.68001,0.00000,8.00000,3134.99900,0.02000,0.00000,0.00000,0.00000,1.0000000,0,2,10,2,0,1,0.0000,0.0000,1,1,0.0000,0.0000
8.70001,0.00000,8.00000,3134.99900,0.02000,0.00000,0.00000,0.00000,1.0000000,0,2,10,2,0,1,0.0000,0.0000,1,1,0.0000,0.0000
8.72001,0.00000,8.00000,3134.99900,0.02000,0.00000,0.00000,0.00000,1.0000000,0,2,10,2,0,1,0.0000,0.0000,1,1,0.0000,0.0000
8.74001,0.00000,8.00000,3134.99900,0.02000,0.00000,0.00000,0.00000,1.0000000,0,2,10,2,0,1,0.0000,0.0000,1,1,0.0000,0.0000
8.76001,0.00000,8.00000,3134.99900,0.02000,0.00000,0.00000,0.00000,1.0000000,0,2,10,2,0,1,0.0000,0.0000,1,1,0.0000,0.0000
8.78001,0.00000,8.00000,3134.99900,0.02000,0.00000,0.00000,0.00000,1.0000000,0,2,10,2,0,1,0.0000,0.0000,1,1,0.0000,0.0000
8.80001,0.00000,8.00000,3134.99900,0.02000,0.00000,0.00000,0.00000,1.0000000,0,2,10,2,0,1,0.0000,0.0000,1,1,0.0000,0.0000
8.82001,0.00000,8.00000,3134.99900,0.02000,0.00000,0.00000,0.00000,1.0000000,0,2,10,2,0,1,0.0000,0.0000,1,1,0.0000,0.0000
8.84001,0.00000,8.00000,3134.99900,0.02000,0.00000,0.00000,0.00000,1.0000000,0,2,10,2,0,1,0.0000,0.0000,1,1,0.0000,0.0000
8.86001,0.00000,8.00000,3134.99900,0.02000,0.00000,0.00000,0.00000,1.0000000,0,2,10,2,0,1,0.0000,0.0000,1,1,0.0000,0.0000
8.88001,0.00000,8.00000,3134.99900,0.02000,0.00000,0.00000,0.00000,1.0000000,0,2,10,2,0,1,0.0000,0.0000,1,1,0.0000,0.0000
8.90001,0.00000,8.00000,3134.99900,0.02000,0.00000,0.00000,0.00000,1.0000000,0,2,10,2,0,1,0.0000,0.0000,1,1,0.0000,0.0000
8.92001,0.00000,8.00000,3134.99900,0.02000,0.00000,0.00000,0.00000,1.0000000,0,2,10,2,0,1,0.0000,0.0000,1,1,0.0000,0.0000
8.94001,0.00000,8.00000,3134.99900,0.02000,0.00000,0.00000,0.00000,1.0000000,0,2,10,2,0,1,0.0000,0.0000,1,1,0.0000,0.0000
8.96001,0.00000,8.00000,3134.99900,0.02000,0.00000,0.00000,0.00000,1.0000000,0,2,10,2,0,1,0.0000,0.0000,1,1,0.0000,0.0000
8.98002,0.00000,8.00000,3134.99900,0.02000,0.00000,0.00000,0.00000,1.0000000,0,2,10,2,0,1,0.0000,0.0000,1,1,0.0000,0.0000
9.00002,0.00000,8.00000,3134.99900,0.02000,0.00000,0.00000,0.00000,1.0000000,0,2,10,2,0,1,0.0000,0.0000,1,1,0.0000,0.0000
9.02002,0.00000,8.00000,3134.99900,0.02000,0.00000,0.00000,0.00000,1.0000000,0,2,10,2,0,1,0.0000,0.0000,1,1,0.0000,0.0000
9.04002,0.00000,8.00000,3134.99900,0.02000,0.00000,0.00000,0.00000,1.0000000,0,2,10,2,0,1,0.0000,0.0000,1,1,0.0000,0.0000
9.06002,0.00000,8.00000,3134.99900,0.02000,0.00000,0.00000,0.00000,1.0000000,0,2,10,2,0,1,0.0000,0.0000,1,1,0.0000,0.0000
9.08002,0.00000,8.00000,3134.99900,0.02000,0.00000,0.00000,0.00000,1.0000000,0,2,10,2,0,1,0.0000,0.0000,1,1,0.0000,0.0000
9.10002,0.00000,8.00000,3134.99900,0.02000,0.00000,0.00000,0.00000,1.0000000,0,2,10,2,0,1,0.0000,0.0000,1,1,0.0000,0.0000
9.12002,0.00000,8.00000,3134.99900,0.02000,0.00000,0.00000,0.00000,1.0000000,0,2,10,2,0,1,0.0000,0.0000,1,1,0.0000,0.0000
9.14002,0.00000,8.00000,3134.99900,0.02000,0.00000,0.00000,0.00000,1.0000000,0,2,10,2,0,1,0.0000,0.0000,1,1,0.0000,0.0000
9.16002,0.00000,8.00000,3134.99900,0.02000,0.00000,0.00000,0.00000,1.0000000,0,2,10,2,0,1,0.0000,0.0000,1,1,0.0000,0.0000
9.18002,0.00000,8.00000,3134.99900,0.02000,0.00000,0.00000,0.00000,1.0000000,0,2,10,2,0,1,0.0000,0.0000,1,1,0.0000,0.0000
9.20002,0.00000,8.00000,3134.99900,0.02000,0.00000,0.00000,0.00000,1.0000000,0,2,10,2,0,1,0.0000,0.0000,1,1,0.0000,0.0000
9.22002,0.00000,8.00000,3134.99900,0.02000,0.00000,0.00000,0.00000,1.0000000,0,2,10,2,0,1,0.0000,0.0000,1,1,0.0000,0.0000
9.24002,0.00000,8.00000,3134.99900,0.02000,0.00000,0.00000,0.00000,1.0000000,0,2,10,2,0,1,0.0000,0.0000,1,1,0.0000,0.0000
9.26002,0.00000,8.00000,3134.99900,0.02000,0.00000,0.00000,0.00000,1.0000000,0,2,10,2,0,1,0.0000,0.0000,1,1,0.0000,0.0000
9.28002,0.00000,8.00000,3134.99900,0.02000,0.00000,0.00000,0.00000,1.0000000,0,2,10,2,0,1,0.0000,0.0000,1,1,0.0000,0.0000
9.30002,0.00000,8.00000,3134.99900,0.02000,0.00000,0.00000,0.00000,1.0000000,0,2,10,2,0,1,0.0000,0.0000,1,1,0.0000,0.0000
9.32002,0.00000,8.00000,3134.99900,0.02000,0.00000,0.00000,0.00000,1.0000000,0,2,10,2,0,1,0.0000,0.0000,1,1,0.0000,0.0000
9.34002,0.00000,8.00000,3134.99900,0.02000,0.00000,0.00000,0.00000,1.0000000,0,2,10,2,0,1,0.0000,0.0000,1,1,0.0000,0.0000
9.36002,0.00000,8.00000,3134.99900,0.02000,0.00000,0.00000,0.00000,1.0000000,0,2,10,2,0,1,0.0000,0.0000,1,1,0.0000,0.0000
9.38002,0.00602,7.99820,3135.23900,0.02000,0.24007,12.00363,12.00335,0.9996572,0,2,10,2,0,0,0.0000,0.0000,1,1,2.8735,0.8620
9.40002,0.04208,7.98736,3135.71800,0.02000,0.48000,23.99976,23.99920,0.9996576,0,2,10,2,0,0,0.0000,0.0000,1,1,5.7470,1.7241
9.42003,0.13206,7.96029,3136.43100,0.02000,0.72002,36.00121,36.00037,0.9996578,0,2,10,2,0,0,0.0000,0.0000,1,1,8.6204,2.5861
9.44003,0.29947,7.90976,3137.37500,0.02000,0.95991,47.99556,47.99444,0.9996588,0,2,10,2,0,0,0.0000,0.0000,1,1,11.4939,3.4482
9.46003,0.56365,7.82973,3138.54300,0.02000,1.19991,59.99543,59.99403,0.9997410,0,2,10,2,0,0,0.0000,0.0000,1,1,14.0000,4.2000
9.48003,0.91109,7.72426,3139.93700,0.02000,1.44008,72.00394,72.00227,1.0000000,0,2,10,2,0,0,0.0000,0.0000,1,1,14.0000,4.2000
9.50003,1.31642,7.60122,3141.56200,0.02000,1.68001,84.00067,83.99871,1.0000000,0,2,10,2,0,0,0.0000,0.0000,1,1,14.0000,4.2000
9.52003,1.77967,7.46061,3143.42000,0.02000,1.91995,95.99739,95.99516,1.0000000,0,2,10,2,0,0,0.0000,0.0000,1,1,14.0000,4.2000
9.54003,2.30081,7.30241,3145.51000,0.02000,2.15988,107.99410,107.99160,1.0000000,0,2,10,2,0,0,0.0000,0.0000,1,1,14.0000,4.2000
9.56003,2.87987,7.12664,3147.83300,0.02000,2.40005,120.00260,119.99980,1.0000000,0,2,10,2,0,0,0.0000,0.0000,1,1,14.0000,4.2000
9.58003,3.51682,6.93329,3150.38700,0.02000,2.63999,131.99940,131.99630,1.0000000,0,2,10,2,0,0,0.0000,0.0000,1,1,14.0000,4.2000
9.60003,4.21169,6.72236,3153.17400,0.02000,2.87992,143.99610,143.99270,1.0000000,0,2,10,2,0,0,0.0000,0.0000,1,1,14.0000,4.2000
9.62003,4.96446,6.49386,3156.19400,0.02000,3.12009,156.00460,156.00100,1.0000000,0,2,10,2,0,0,0.0000,0.0000,1,1,14.0000,4.2000
9.64003,5.77513,6.24778,3159.44500,0.02000,3.36003,168.00130,167.99740,1.0000000,0,2,10,2,0,0,0.0000,0.0000,1,1,14.0000,4.2000
9.66003,6.64371,5.98412,3162.92900,0.02000,3.59996,179.99810,179.99390,1.0000000,0,2,10,2,0,0,0.0000,0.0000,1,1,14.0000,4.2000
9.68003,7.57019,5.70289,3166.64500,0.02000,3.83989,191.99480,191.99030,1.0000000,0,2,10,2,0,0,0.0000,0.0000,1,1,14.0000,4.2000
9.70003,8.55458,5.40408,3170.59300,0.02000,4.08007,204.00330,203.99860,1.0000000,0,2,10,2,0,0,0.0000,0.0000,1,1,14.0000,4.2000
9.72003,9.59688,5.08769,3174.77300,0.02000,4.32000,216.00000,215.99500,1.0000000,0,2,10,2,0,0,0.0000,0.0000,1,1,14.0000,4.2000
9.74003,10.69708,4.75372,3179.18600,0.02000,4.55993,227.99670,227.99140,1.0000000,0,2,10,2,0,0,0.0000,0.0000,1,1,14.0000,4.2000
9.76003,11.85518,4.40218,3183.83100,0.02000,4.80010,240.00530,239.99970,1.0000000,0,2,10,2,0,0,0.0000,0.0000,1,1,14.0000,4.2000
9.78003,13.07120,4.03306,3188.70800,0.02000,5.04004,252.00200,251.99610,1.0000000,0,2,10,2,0,0,0.0000,0.0000,1,1,14.0000,4.2000
9.80003,14.34511,3.64636,3193.81700,0.02000,5.27997,263.99870,263.99260,1.0000000,0,2,10,2,0,0,0.0000,0.0000,1,1,14.0000,4.2000
9.82003,15.67693,3.24209,3199.15900,0.02000,5.51991,275.99550,275.98900,1.0000000,0,2,10,2,0,0,0.0000,0.0000,1,1,14.0000,4.2000
9.84003,17.06666,2.82024,3204.73300,0.02000,5.76008,288.00400,287.99730,1.0000000,0,2,10,2,0,0,0.0000,0.0000,1,1,14.0000,4.2000
9.86004,18.51429,2.38081,3210.53900,0.02000,6.00001,300.00070,299.99370,0.9999999,0,2,10,2,0,0,0.0000,0.0000,1,1,14.0000,4.2000
9.88004,19.96192,1.94138,3216.34500,0.02000,6.00001,300.00070,299.99370,0.9999999,0,2,10,2,0,0,0.0000,0.0000,1,1,14.0000,4.2000
9.90004,21.40956,1.50195,3222.15100,0.02000,6.00001,300.00070,299.99370,0.9999999,0,2,10,2,0,0,0.0000,0.0000,1,1,14.0000,4.2000
9.92004,22.85719,1.06252,3227.95800,0.02000,6.00001,300.00070,299.99370,0.9999999,0,2,10,2,0,0,0.0000,0.0000,1,1,14.0000,4.2000
9.94004,24.30482,0.62309,3233.76400,0.02000,6.00001,300.00070,299.99370,0.9999999,0,2,10,2,0,0,0.0000,0.0000,1,1,14.0000,4.2000
9.96004,25.75245,0.18366,3239.57000,0.02000,6.00001,300.00070,299.99370,0.9999999,0,2,10,2,0,0,0.0000,0.0000,1,1,14.0000,4.2000
9.98004,27.20008,-0.25577,3245.37600,0.02000,6.00001,300.00070,299.99370,0.9999999,0,2,10,2,0,0,0.0000,0.0000,1,1,14.0000,4.2000
10.00004,28.64771,-0.69519,3251.18200,0.02000,6.00001,300.00070,299.99370,0.9999999,0,2,10,2,0,0,0.0000,0.0000,1,1,14.0000,4.2000
10.02004,30.09535,-1.13462,3256.98800,0.02000,6.00001,300.00070,299.99370,0.9999999,0,2,10,2,0,0,0.0000,0.0000,1,1,14.0000,4.2000
10.04004,31.54298,-1.57405,3262.79400,0.02000,6.00001,300.00070,299.99370,0.9999999,0,2,10,2,0,0,0.0000,0.0000,1,1,14.0000,4.2000
10.06004,32.99061,-2.01348,3268.60100,0.02000,6.00001,300.00070,299.99370,1.0000000,0,2,10,2,0,0,0.0000,0.0000,1,1,14.0000,4.2000
10.08004,34.43824,-2.45291,3274.40700,0.02000,6.00001,300.00070,299.99370,0.9999999,0,2,10,2,0,0,0.0000,0.0000,1,1,14.0000,4.2000
10.10004,35.88588,-2.89234,3280.21300,0.02000,6.00001,300.00070,299.99370,0.9999999,0,2,10,2,0,0,0.0000,0.0000,1,1,14.0000,4.2000
10.12004,37.33351,-3.33177,3286.01900,0.02000,6.00001,300.00070,299.99370,0.9999999,0,2,10,2,0,0,0.0000,0.0000,1,1,14.0000,4.2000
10.14004,38.78114,-3.77120,3291.82500,0.02000,6.00001,300.00070,299.99370,0.9999999,0,2,10,2,0,0,0.0000,0.0000,1,1,14.0000,4.2000
10.16004,40.22877,-4.21063,3297.63100,0.02000,6.00001,300.00070,299.99370,0.9999999,0,2,10,2,0,0,0.0000,0.0000,1,1,14.0000,4.2000
10.18004,41.67640,-4.65006,3303.43800,0.02000,6.00001,300.00070,299.99370,0.9999999,0,2,10,2,0,0,0.0000,0.0000,1,1,14.0000,4.2000
10.20004,43.12403,-5.08948,3309.24400,0.02000,6.00001,300.00070,299.99370,0.9999999,0,2,10,2,0,0,0.0000,0.0000,1,1,14.0000,4.2000
10.22004,44.57167,-5.52891,3315.05000,0.02000,6.00001,300.00070,299.99370,0.9999999,0,2,10,2,0,0,0.0000,0.0000,1,1,14.0000,4.2000
10.24004,46.01930,-5.96834,3320.85600,0.02000,6.00001,300.00070,299.99370,0.9999999,0,2,10,2,0,0,0.0000,0.0000,1,1,14.0000,4.2000
10.26004,47.46693,-6.40777,3326.66200,0.02000,6.00001,300.00070,299.99370,0.9999999,0,2,10,2,0,0,0.0000,0.0000,1,1,14.0000,4.2000
10.28004,48.91456,-6.84720,3332.46800,0.02000,6.00001,300.00070,299.99370,0.9999999,0,2,10,2,0,0,0.0000,0.0000,1,1,14.0000,4.2000
10.30005,50.36219,-7.28663,3338.27400,0.02000,6.00001,300.00070,299.99370,0.9999999,0,2,10,2,0,0,0.0000,0.0000,1,1,14.0000,4.2000
10.32005,51.80983,-7.72606,3344.08100,0.02000,6.00001,300.00070,299.99370,0.9999999,0,2,10,2,0,0,0.0000,0.0000,1,1,14.0000,4.2000
10.34005,53.25746,-8.16549,3349.88700,0.02000,6.00001,300.00070,299.99370,0.9999999,0,2,10,2,0,0,0.0000,0.0000,1,1,14.0000,4.2000
10.36005,54.70509,-8.60492,3355.69300,0.02000,6.00001,300.00070,299.99370,0.9999999,0,2,10,2,0,0,0.0000,0.0000,1,1,14.0000,4.2000
