frame,wallSeconds,simulationSeconds,speedUU,destroyed,pending
0,0.198189799999909,0.3399999,300,0,0
1,0.37279959999978,0.5199997,300,0,0
2,0.53390010000021,0.8399994,300,0,0
3,0.690223300000071,0.9999992,300,0,0
4,0.855099400000199,1.159999,300,0,0
5,1.01984249999987,1.319999,300,0,0
6,1.17577040000015,1.479999,300,0,0
7,1.3334633999998,1.639999,300,0,0
8,1.49400229999992,1.799999,300,0,0
9,1.65991660000009,1.959998,300,0,0
10,1.82043290000001,2.119998,300,0,0
11,1.98743689999992,2.299998,300,0,0
12,2.14994519999982,2.459998,300,0,0
13,2.31110309999985,2.619998,300,0,0
14,2.4701541999998,2.779998,300,0,0
15,2.63048799999979,2.939997,300,0,0
16,2.79180580000002,3.099997,300,0,0
17,2.95040479999989,3.259997,300,0,0
18,3.10118809999994,3.379997,300,0,1
19,3.30096309999999,3.499997,300,0,1
20,3.46239449999985,3.759997,300,0,1
21,3.62953819999984,3.939996,300,0,1
22,3.79496030000018,4.099997,300,0,1
23,3.9568048000001,4.259996,300,0,1
24,4.1186459999999,4.419996,300,0,1
25,4.27668399999993,4.579996,300,0,1
26,4.43747489999987,4.739996,300,0,1
27,4.60092369999984,4.899996,300,0,1
28,4.75124049999977,5.059996,300,0,1
29,4.92093370000021,5.219995,300,0,1
30,5.07674039999984,5.379995,300,0,1
31,5.2393689999999,5.539995,300,0,1
32,5.40880870000001,5.719995,300,0,1
33,5.56708220000019,5.879995,300,0,1
34,5.72642260000021,6.039995,300,0,1
35,5.89216429999988,6.199995,300,0,1
36,6.05502750000005,6.359994,300,0,1
37,6.20636509999986,6.499994,300,0,1
38,6.35759099999996,6.659994,300,0,1
39,6.5175693000001,6.819994,300,0,2
40,6.67877480000016,6.979994,300,1,1
41,6.84081370000013,7.139994,300,1,1
42,6.99111110000013,7.299994,300,1,1
43,7.15800929999978,7.459993,300,1,1
44,7.31451969999989,7.619993,300,1,1
45,7.47334210000008,7.779993,300,1,1
46,7.63488860000007,7.939993,300,1,1
47,7.8012549,8.099995,300,1,1
48,7.96828959999993,8.279999,300,1,1
49,8.12763730000006,8.440002,300,1,1
50,8.27995240000018,8.580006,300,1,1
51,8.43717539999989,8.740009,300,1,1
52,8.59563299999991,8.900013,300,1,1
53,8.74955880000016,9.060017,300,1,1
54,8.90941860000021,9.22002,300,1,1
55,9.06950049999978,9.380024,300,1,1
56,9.22257209999998,9.520027,300,1,1
57,9.37507659999983,9.680031,300,1,1
58,9.5314355999999,9.840034,300,1,1
59,9.69896779999999,10.00004,300,1,1
60,9.85800340000014,10.16004,300,1,2
61,10.0109515999998,10.32005,300,1,2
62,10.1701914,10.48005,300,2,1
63,10.3291393999998,10.64005,300,2,1
64,10.4799727,10.78006,300,2,1
65,10.6413854000002,10.94006,300,2,1
66,10.7971151000002,11.10006,300,2,1
67,10.9556204,11.26007,300,2,1
68,11.1123345999999,11.42007,300,2,1
69,11.2707139999998,11.58007,300,2,1
70,11.4288974999999,11.74008,300,2,1
71,11.5915912,11.90008,300,2,1
72,11.7543936000002,12.06009,300,2,1
73,11.9095633000002,12.22009,300,2,1
74,12.0775376000001,12.38009,300,2,1
75,12.2516851,12.5401,300,2,1
76,12.4088498000001,12.7001,300,2,1
77,12.5673978,12.8601,300,2,1
78,12.7248187999999,13.02011,300,2,1
79,12.8759406999998,13.18011,300,2,1
80,13.0340818999998,13.34011,300,2,2
81,13.1888476999998,13.50012,300,2,2
82,13.3496083,13.66012,300,2,2
83,13.5135931999998,13.82013,300,2,2
84,13.6795683,13.98013,300,2,2
85,13.8320024,14.14013,300,2,2
86,13.9890936000002,14.30014,300,2,2
87,14.1413106999998,14.44014,300,3,1
88,14.2974539000002,14.60014,300,3,1
89,14.4512641000001,14.76015,300,3,1
90,14.6080713000001,14.92015,300,3,1
91,14.7672108000002,15.08015,300,3,1
92,14.9268974000001,15.24016,300,3,1
93,15.0878505999999,15.40016,300,3,1
94,15.2533374,15.56017,300,3,1
95,15.4158109999998,15.72017,300,3,1
96,15.5765127,15.88017,300,3,1
97,15.7329764000001,16.04018,300,3,1
98,15.8939159000001,16.20018,300,3,1
99,16.0599258000002,16.36018,300,3,1
100,16.2138184999999,16.52019,300,3,1
101,16.3711265000002,16.68019,300,3,2
102,16.5267597000002,16.84019,300,3,2
103,16.6866335,17.0002,300,3,2
104,16.8513377999998,17.1602,300,3,2
105,17.009865,17.32021,300,3,2
106,17.1637894999999,17.46021,300,4,1
107,17.3188964999999,17.62021,300,4,1
108,17.4750780999998,17.78022,300,4,1
109,17.6302799999999,17.94022,300,4,1
110,17.7901057999998,18.10022,300,4,1
111,17.9569281999998,18.26023,300,4,1
