phase,frame,renderedFrameMs,mainThreadMs,gcAllocatedBytes,focused,destroyed,effects
Near,0,5.79920643940568,3.4577,12613,1,0,0
Near,1,6.23390031978488,6.5544,12613,1,0,0
Near,2,6.6341976635158062,5.3606,12613,1,0,0
Near,3,5.7941963896155357,6.2691,12613,1,0,0
Near,4,6.0799038037657738,6.8049,25715,1,0,0
Near,5,12.093395926058292,5.3705,12613,1,0,0
Near,6,6.3863024115562439,12.4947,12613,1,0,0
Near,7,5.9714000672101974,5.8314,12613,1,0,0
Near,8,6.1764032579958439,6.5054,12613,1,0,0
Near,9,6.1087938956916332,6.2897,12665,1,0,0
Near,10,6.2311012297868729,5.535,12613,1,0,0
Near,11,6.3070012256503105,6.1744,12613,1,0,0
Near,12,6.0205995105206966,6.6258,12613,1,0,0
Near,13,6.3802013173699379,6.5253,12613,1,0,0
Near,14,6.4446995966136456,6.0003,12613,1,0,0
Near,15,5.7374006137251854,5.861,12613,1,0,0
Near,16,6.260402500629425,6.5871,12613,1,0,0
Near,17,6.5923966467380524,5.7675,12613,1,0,0
Near,18,5.7488023303449154,7.0895,12613,1,0,0
Near,19,6.0141016729176044,5.2501,12613,1,0,0
Near,20,6.4395973458886147,6.1851,12613,1,0,0
Near,21,5.8463010936975479,6.2543,12613,1,0,0
Near,22,6.3916952349245548,6.1558,12701,1,0,0
Near,23,6.2643000856041908,6.4575,12613,1,0,0
Near,24,6.0393069870769978,5.6203,12613,1,0,0
Near,25,5.9016933664679527,5.9657,12613,1,0,0
Near,26,6.2317033298313618,5.6587,12613,1,0,0
Near,27,6.08000298961997,6.5261,12613,1,0,0
Near,28,6.1053996905684471,7.243,12613,1,0,0
Near,29,6.4415959641337395,4.9213,12613,1,0,0
Near,30,5.8447988703846931,6.2822,12613,1,0,0
Near,31,6.342998705804348,5.9881,12613,1,0,0
Near,32,6.27900380641222,6.9246,12613,1,0,0
Near,33,5.8371033519506454,6.2626,12613,1,0,0
Near,34,6.2092971056699753,5.2463,12613,1,0,0
Near,35,6.1823981814086437,6.3439,12613,1,0,0
Near,36,6.1668013222515583,6.3522,12613,1,0,0
Near,37,6.2348991632461548,6.5189,12613,1,0,0
Near,38,6.0552014037966728,6.7896,17939,1,0,0
Near,39,8.8825961574912071,5.8439,12613,1,0,0
Near,40,5.5693029426038265,10.2448,12613,1,0,0
Near,41,4.0426021441817284,3.8118,12665,1,0,0
Near,42,6.1676022596657276,4.5143,12613,1,0,0
Near,43,10.123994201421738,6.269,12613,1,0,0
Near,44,4.5913052745163441,9.272,12613,1,0,0
Near,45,4.1286991909146309,4.8829,12613,1,0,0
Near,46,9.82300192117691,10.062,12701,1,0,0
Near,47,3.9922972209751606,4.0182,12661,1,0,0
Near,48,4.1954009793698788,3.24,12613,1,0,0
Near,49,6.3053998164832592,3.9212,12613,1,0,0
Near,50,6.0883997939527035,6.6568,12613,1,0,0
Near,51,6.0092969797551632,5.939,12613,1,0,0
Near,52,7.0916027761995792,5.8622,12613,1,0,0
Near,53,5.14000141993165,7.4565,12613,1,0,0
Near,54,6.3218963332474232,5.3767,12613,1,0,0
Near,55,6.1187003739178181,6.2798,12613,1,0,0
Near,56,7.6626986265182495,6.4279,12613,1,0,0
Near,57,4.56670206040144,6.9612,12613,1,0,0
Near,58,6.1134989373385906,4.4425,12613,1,0,0
Near,59,6.248200312256813,6.0848,12613,1,0,0
Near,60,6.0846018604934216,6.6232,12613,1,0,0
Near,61,6.1769983731210232,6.1872,12613,1,0,0
Near,62,6.1615998856723309,5.9719,12613,1,0,0
Near,63,6.0743978247046471,6.3845,12613,1,0,0
Near,64,5.9222010895609856,5.5461,12613,1,0,0
Near,65,6.2330001965165138,6.0944,12613,1,0,0
Near,66,6.310898344963789,6.4533,12613,1,0,0
Near,67,5.9954011812806129,6.1479,12613,1,0,0
Near,68,6.2498017214238644,5.7188,12613,1,0,0
Near,69,6.1996029689908028,6.1713,12613,1,0,0
Near,70,6.0866000130772591,6.3105,12613,1,0,0
Near,71,5.9258006513118744,6.7538,12701,1,0,0
Near,72,6.15129666402936,6.2752,12613,1,0,0
Near,73,10.674000717699528,4.7051,12613,1,0,0
Near,74,4.3097999878227711,12.1646,12613,1,0,0
Near,75,3.41339991427958,3.3717,12665,1,0,0
Near,76,6.2777991406619549,3.3664,12613,1,0,0
Near,77,6.1975978314876556,7.0123,12613,1,0,0
Near,78,5.9286989271640778,5.2526,12613,1,0,0
Near,79,6.064604502171278,6.5549,12613,1,0,0
Near,80,6.1206985265016556,5.6077,12613,1,0,0
Near,81,6.427097599953413,6.0261,12613,1,0,0
Near,82,6.200205534696579,6.895,12613,1,0,0
Near,83,6.2163975089788437,5.8655,12613,1,0,0
Near,84,6.00340124219656,6.3131,12613,1,0,0
Near,85,6.1660995706915855,6.0023,12613,1,0,0
Near,86,6.0866000130772591,5.8652,12613,1,0,0
Near,87,6.2526008114218712,6.0979,12613,1,0,0
Near,88,6.2215984798967838,5.9374,12613,1,0,0
Near,89,6.2454012222588062,7.3612,12613,1,0,0
Near,90,5.9613944031298161,5.0279,12613,1,0,0
Near,91,6.3228034414350986,5.9675,12613,1,0,0
Near,92,6.1449971981346607,6.7036,12613,1,0,0
Near,93,6.354400422424078,6.3417,12613,1,0,0
Near,94,5.7410006411373615,6.7049,12613,1,0,0
Near,95,6.364703644067049,5.0837,12613,1,0,0
Near,96,6.1698979698121548,6.5035,12701,1,0,0
Near,97,5.9642004780471325,7.2968,12613,1,0,0
Near,98,6.0977963730692863,4.5691,12613,1,0,0
Near,99,6.2307044863700867,6.1953,12613,1,0,0
Near,100,6.2201954424381256,6.8026,12613,1,0,0
Near,101,6.0592051595449448,5.588,12613,1,0,0
Near,102,6.1847008764743805,6.7317,12613,1,0,0
Near,103,5.9423963539302349,5.9479,12613,1,0,0
Near,104,6.4783021807670593,5.9187,12613,1,0,0
Near,105,5.9392997063696384,6.5972,12613,1,0,0
Near,106,6.274801678955555,5.7245,12613,1,0,0
Near,107,6.009998731315136,6.085,12613,1,0,0
Near,108,6.2359976582229137,5.6878,12613,1,0,0
Near,109,6.11920328810811,6.4874,12665,1,0,0
Near,110,6.221194751560688,6.288,12613,1,0,0
Near,111,5.9636053629219532,6.9097,12613,1,0,0
Near,112,6.3106999732553959,5.5015,12613,1,0,0
Near,113,6.1348001472651958,6.1897,12613,1,0,0
Near,114,6.3149943016469479,5.7776,12613,1,0,0
Near,115,5.822604987770319,6.3878,12613,1,0,0
Near,116,6.2059951014816761,5.9669,12613,1,0,0
Near,117,6.0224062763154507,6.1156,12613,1,0,0
Near,118,6.2155965715646744,6.1896,12613,1,0,0
Near,119,6.2086028046905994,6.9332,12613,1,0,0
Near,120,11.952494271099567,5.5945,12613,1,0,0
Near,121,2.9229025822132826,11.2888,12701,1,0,0
Near,122,3.4136974718421698,2.792,12613,1,0,0
Near,123,6.1089000664651394,3.4581,12613,1,0,0
Near,124,6.1272038146853447,6.7367,12613,1,0,0
Near,125,6.3185021281242371,6.1385,12613,1,0,0
Near,126,6.3841976225376129,5.9679,12613,1,0,0
Near,127,5.88650070130825,6.1932,12613,1,0,0
Near,128,6.3588009215891361,5.6152,12613,1,0,0
Near,129,6.1562997289001942,6.2492,12613,1,0,0
Near,130,6.140497513115406,6.9239,12613,1,0,0
Near,131,6.0625993646681309,6.0212,12613,1,0,0
Near,132,6.0968040488660336,5.9628,12613,1,0,0
Near,133,6.06019701808691,5.7046,12613,1,0,0
Near,134,6.2392996624112129,6.5189,12613,1,0,0
Near,135,6.11999724060297,6.6049,12613,1,0,0
Near,136,6.1315051279962063,5.7456,12613,1,0,0
Near,137,6.32119458168745,5.5095,12613,1,0,0
Near,138,6.1248014681041241,6.5646,12613,1,0,0
Near,139,6.1616990715265274,6.5275,12613,1,0,0
Near,140,6.3312002457678318,6.1018,12613,1,0,0
Near,141,5.98110118880868,6.8261,12613,1,0,0
Near,142,5.8818026445806026,5.3115,12665,1,0,0
Near,143,6.1562997289001942,6.4177,12613,1,0,0
Near,144,6.3927010633051395,5.7077,12613,1,0,0
Near,145,6.0518989339470863,7.3293,12613,1,0,0
Near,146,6.0515943914651871,4.6833,12701,1,0,0
Near,147,6.5393000841140747,6.4838,12613,1,0,0
Near,148,5.8896047994494438,6.8128,12613,1,0,0
Near,149,6.1359978280961514,5.6539,12613,1,0,0
Near,150,5.9329010546207428,5.8075,12613,1,0,0
Near,151,6.2859975732862949,5.9358,12613,1,0,0
Near,152,6.34400499984622,6.4868,12613,1,0,0
Near,153,6.4192954450845718,5.8883,12613,1,0,0
Near,154,5.7731010019779205,7.2501,12613,1,0,0
Near,155,6.1242985539138317,5.5106,12613,1,0,0
Near,156,6.1562005430459976,6.4014,12613,1,0,0
Near,157,6.1965985223650932,5.268,12613,1,0,0
Near,158,6.1752055771648884,6.4822,12613,1,0,0
Near,159,5.9222010895609856,6.427,12613,1,0,0
Near,160,6.2727960757911205,5.48,12613,1,0,0
Near,161,5.968799814581871,6.5199,12613,1,0,0
Near,162,6.4871031790971756,6.1241,12613,1,0,0
Near,163,6.0672974213957787,6.6658,12613,1,0,0
Near,164,6.2650013715028763,5.6363,12613,1,0,0
Near,165,6.3334964215755463,6.7661,12613,1,0,0
Near,166,5.6598992086946964,5.7418,12613,1,0,0
Near,167,6.2508005648851395,5.2758,12613,1,0,0
Near,168,6.0762045904994011,8.226,12613,1,0,0
Near,169,6.1904974281787872,4.6806,12613,1,0,0
Near,170,6.0851969756186008,6.2875,12613,1,0,0
Near,171,6.4002056606113911,5.574,12701,1,0,0
Near,172,6.2699969857931137,6.5656,12613,1,0,0
Near,173,5.8265021070837975,6.6067,12613,1,0,0
Near,174,6.3964002765715122,6.2493,12613,1,0,0
Near,175,5.8692954480648041,5.5792,12665,1,0,0
Near,176,6.2953019514679909,5.9764,12613,1,0,0
Near,177,6.2052011489868164,6.3361,12613,1,0,0
Near,178,5.9212017804384232,6.2938,12613,1,0,0
Near,179,6.2682963907718658,5.6829,12613,1,0,0
Near,180,5.9416028670966625,7.3259,12613,1,0,0
Near,181,6.7115998826920986,5.592,12613,1,0,0
Near,182,5.7383007369935513,6.0151,12613,1,0,0
Near,183,6.0485969297587872,7.1871,12613,1,0,0
Near,184,6.4424034208059311,5.6094,12613,1,0,0
Near,185,6.0012969188392162,5.2793,12613,1,0,0
Near,186,6.39240350574255,6.7647,12613,1,0,0
Near,187,6.0280966572463512,5.7527,12613,1,0,0
Near,188,6.0928994789719582,6.3539,12613,1,0,0
Near,189,6.0644983313977718,6.3898,12613,1,0,0
Near,190,6.190100684762001,5.3463,12613,1,0,0
Near,191,6.1314981430768967,7.6277,12613,1,0,0
Near,192,6.1815050430595875,5.0025,12613,1,0,0
Near,193,6.1806971207261086,5.6551,12613,1,0,0
Near,194,6.4203017391264439,6.4845,12613,1,0,0
Near,195,5.7801022194325924,6.3235,12613,1,0,0
Near,196,6.1636976897716522,6.4691,12701,1,0,0
Near,197,5.9836027212440968,5.9399,12613,1,0,0
Near,198,6.187797524034977,5.6285,12613,1,0,0
Near,199,6.4077028073370457,6.3133,12613,1,0,0
Near,200,6.5275933593511581,6.1738,12613,1,0,0
Near,201,5.6473002769052982,6.8356,12613,1,0,0
Near,202,6.0803997330367565,5.2503,12613,1,0,0
Near,203,6.299702450633049,6.2755,12613,1,0,0
Near,204,6.1734975315630436,6.336,12613,1,0,0
Near,205,6.2017999589443207,6.0943,12613,1,0,0
Near,206,6.1122025363147259,7.0907,12613,1,0,0
Near,207,6.250899750739336,5.09,12613,1,0,0
Near,208,5.9477039612829685,6.5452,12665,1,0,0
Near,209,6.093799602240324,6.0282,12613,1,0,0
Near,210,6.3295988366007805,6.1421,12613,1,0,0
Near,211,6.4597008749842644,6.2714,12613,1,0,0
Near,212,5.906498059630394,6.2882,12613,1,0,0
Near,213,6.0913972556591034,5.7301,12613,1,0,0
Near,214,6.3163051381707191,6.8823,12613,1,0,0
Near,215,6.0670990496873856,6.0391,12613,1,0,0
Near,216,6.1210957355797291,6.1064,12613,1,0,0
Near,217,5.9931050054728985,5.8397,12613,1,0,0
Near,218,6.1206985265016556,5.9013,12613,1,0,0
Near,219,6.3044005073606968,6.2425,12613,1,0,0
Near,220,6.07459619641304,5.9415,12613,1,0,0
Near,221,6.2863025814294815,6.947,12701,1,0,0
Near,222,6.34700246155262,5.6963,12613,1,0,0
Near,223,5.7875001803040504,6.2456,12613,1,0,0
Near,224,6.1278981156647205,5.5848,12613,1,0,0
Near,225,6.4351968467235565,6.5835,12613,1,0,0
Near,226,5.9571005403995514,6.4292,12613,1,0,0
Near,227,6.5447986125946045,5.7178,12613,1,0,0
Near,228,5.6457058526575565,6.0786,12613,1,0,0
Near,229,6.2165958806872368,5.6575,12613,1,0,0
Near,230,6.2292022630572319,6.3891,12613,1,0,0
Near,231,6.1005954630672932,7.2974,12613,1,0,0
Near,232,6.1752055771648884,5.9405,12613,1,0,0
Near,233,6.0503967106342316,5.5519,12613,1,0,0
Near,234,6.678401492536068,5.9362,12613,1,0,0
Near,235,5.993296392261982,6.8722,12613,1,0,0
Near,236,5.7773031294345856,6.7658,12613,1,0,0
Near,237,6.0091977939009666,4.5916,12613,1,0,0
Near,238,6.2220026738941669,6.0082,12613,1,0,0
Near,239,6.09690323472023,5.9701,12613,1,0,0
Near,240,6.1165955848991871,6.7862,12613,1,0,0
Near,241,6.3404976390302181,6.366,12665,1,0,0
Near,242,6.0082059353590012,6.1399,12613,1,0,0
Near,243,6.2280967831611633,5.7893,12613,1,0,0
Near,244,6.082397885620594,6.3022,12613,1,0,0
Near,245,6.1312997713685036,5.7421,12613,1,0,0
Near,246,6.1184028163552284,7.3347,12701,1,0,0
Near,247,6.2736039981245995,5.4899,12613,1,0,0
Near,248,6.2956986948847771,6.1101,12613,1,0,0
Near,249,6.2379958108067513,6.0632,12613,1,0,0
Near,250,6.00909860804677,6.1768,12613,1,0,0
Near,251,6.31870049983263,6.4945,12613,1,0,0
Near,252,6.2062996439635754,6.0908,12613,1,0,0
Near,253,5.9739015996456146,6.0126,12613,1,0,0
Near,254,6.3860048539936543,6.0478,12613,1,0,0
Near,255,6.0486961156129837,6.1965,12613,1,0,0
Near,256,6.0480018146336079,6.4336,12613,1,0,0
Near,257,6.29049725830555,5.8462,12613,1,0,0
Near,258,6.11429987475276,6.1369,12613,1,0,0
Near,259,6.1998018063604832,6.5147,12613,1,0,0
Near,260,5.8937002904713154,6.4428,12613,1,0,0
Near,261,6.1078020371496677,5.2931,12613,1,0,0
Near,262,6.3035003840923309,5.7636,12613,1,0,0
Near,263,6.0170991346240044,6.8842,12613,1,0,0
Near,264,6.3691963441669941,5.9258,12613,1,0,0
Near,265,5.933503620326519,5.7539,12613,1,0,0
Near,266,6.1490009538829327,5.7334,12613,1,0,0
Near,267,6.2995962798595428,6.7436,12613,1,0,0
Near,268,6.1986041255295277,6.497,12613,1,0,0
Near,269,6.0618976131081581,6.103,12613,1,0,0
Near,270,6.1605018563568592,5.6335,12613,1,0,0
Near,271,5.9415958821773529,6.1864,12701,1,0,0
Near,272,6.113201379776001,7.2921,12613,1,0,0
Near,273,6.3650012016296387,5.1412,12613,1,0,0
Near,274,6.2064980156719685,6.7311,12665,1,0,0
Near,275,6.0957977548241615,5.4703,12613,1,0,0
Near,276,6.2464000657200813,6.3705,12613,1,0,0
Near,277,5.9767006896436214,6.4925,12613,1,0,0
Near,278,6.18820171803236,5.9547,12613,1,0,0
Near,279,6.1793015338480473,6.1801,12613,1,0,0
Near,280,6.0973991639912128,6.2148,12613,1,0,0
Near,281,6.44129840657115,5.4929,12613,1,0,0
Near,282,5.8731008321046829,7.015,12613,1,0,0
Near,283,6.357802078127861,5.2778,12613,1,0,0
Near,284,6.1327028088271618,6.739,12613,1,0,0
Near,285,5.974695086479187,5.6539,12613,1,0,0
Near,286,6.590298842638731,6.061,12613,1,0,0
Near,287,5.6723994202911854,6.8786,12613,1,0,0
Near,288,6.32960582152009,5.4546,12613,1,0,0
Near,289,5.9610968455672264,6.3556,12613,1,0,0
Near,290,6.0929986648261547,6.333,12613,1,0,0
Near,291,6.2014032155275345,5.782,12613,1,0,0
Near,292,6.102296058088541,6.8543,12613,1,0,0
Near,293,6.2855016440153122,6.5743,12613,1,0,0
Near,294,6.2659014947712421,6.2254,12613,1,0,0
Near,295,6.0738022439181805,6.1019,12701,1,0,0
Near,296,5.9729944914579391,5.9274,12613,1,0,0
Near,297,6.09119888395071,6.7627,12613,1,0,0
Near,298,6.28470117226243,5.1627,12613,1,0,0
Near,299,6.1686011031270027,5.6007999999999996,12613,1,0,0
Panorama,0,6.169494241476059,3.6428,12613,1,0,0
Panorama,1,6.1589004471898079,7.8675,12613,1,0,0
Panorama,2,6.3601047731935978,5.0896,12613,1,0,0
Panorama,3,6.0975980013608932,6.0472,12613,1,0,0
Panorama,4,6.5312003716826439,6.8107,12665,1,0,0
Panorama,5,5.7146968320012093,5.5908,12613,1,0,0
Panorama,6,6.0577024705708027,6.0858,12613,1,0,0
Panorama,7,6.3532027415931225,5.8893,12613,1,0,0
Panorama,8,6.1306972056627274,6.5129,12613,1,0,0
Panorama,9,6.0210032388567924,6.3766,12613,1,0,0
Panorama,10,6.1777988448739052,5.4455,12613,1,0,0
Panorama,11,6.0663972981274128,5.8041,12613,1,0,0
Panorama,12,6.1112032271921635,6.118,12613,1,0,0
Panorama,13,6.0434946790337563,6.387,12613,1,0,0
Panorama,14,6.1916029080748558,5.9145,12613,1,0,0
Panorama,15,6.08879653736949,6.3469,12613,1,0,0
Panorama,16,6.4608063548803329,5.9032,12613,1,0,0
Panorama,17,6.7979944869875908,6.6736,12613,1,0,0
Panorama,18,6.3848001882433891,6.4646,12613,1,0,0
Panorama,19,5.9530045837163925,7.0261,12613,1,0,0
Panorama,20,6.1743976548314095,5.2103,12613,1,0,0
Panorama,21,6.13959738984704,6.0786,12701,1,0,0
Panorama,22,6.0531035996973515,6.6117,12613,1,0,0
Panorama,23,6.1253970488905907,6.7389,12613,1,0,0
Panorama,24,6.3621033914387226,5.6981,12613,1,0,0
Panorama,25,6.13740086555481,6.4972,26275,1,0,0
Panorama,26,12.05869484692812,5.6053,12613,1,0,0
Panorama,27,6.2401997856795788,12.2695,12613,1,0,0
Panorama,28,6.0462020337581635,6.8134,12613,1,0,0
Panorama,29,6.1584040522575378,5.1502,12613,1,0,0
Panorama,30,6.2082977965474129,6.1649,12613,1,0,0
Panorama,31,6.257298868149519,6.1932,12613,1,0,0
Panorama,32,6.0926019214093685,6.6554,12613,1,0,0
Panorama,33,6.0143000446259975,6.7094,12613,1,0,0
Panorama,34,6.229194812476635,5.2418,12613,1,0,0
Panorama,35,6.1489017680287361,5.9312,12613,1,0,0
Panorama,36,6.18849927559495,7.461,12665,1,0,0
Panorama,37,5.944699514657259,5.2295,12613,1,0,0
Panorama,38,6.16510072723031,6.781,12613,1,0,0
Panorama,39,6.0966056771576405,5.4463,12613,1,0,0
Panorama,40,6.0890945605933666,6.4577,12613,1,0,0
Panorama,41,6.4057041890919209,5.9519,12613,1,0,0
Panorama,42,6.2402989715337753,8.4237,12613,1,0,0
Panorama,43,5.9075965546071529,4.0017,12613,1,0,0
Panorama,44,6.0552014037966728,5.984,12613,1,0,0
Panorama,45,6.33010221645236,6.2466,12701,1,0,0
Panorama,46,5.9304987080395222,6.2854,12613,1,0,0
Panorama,47,6.334998644888401,5.0522,12613,1,0,0
Panorama,48,6.4190048724412918,6.8547,12613,1,0,0
Panorama,49,5.6990999728441238,6.5426,12613,1,0,0
Panorama,50,6.1066965572535992,5.3385,12613,1,0,0
Panorama,51,6.1731007881462574,7.0225,12613,1,0,0
Panorama,52,6.163300946354866,5.3451,12613,1,0,0
Panorama,53,6.0966978780925274,6.176,12613,1,0,0
Panorama,54,6.1044995673000813,6.4817,12613,1,0,0
Panorama,55,6.1799036338925362,5.6598,12613,1,0,0
Panorama,56,6.1261975206434727,6.6056,12613,1,0,0
Panorama,57,6.1552012339234352,5.6975,12613,1,0,0
Panorama,58,6.1342972330749035,6.1441,12613,1,0,0
Panorama,59,6.1281039379537106,6.9337,12613,1,0,0
Panorama,60,6.1296978965401649,4.9737,12613,1,0,0
Panorama,61,6.0903984121978283,6.521,12613,1,0,0
Panorama,62,6.172597873955965,5.5108,12613,1,0,0
Panorama,63,6.1482000164687634,6.4787,12613,1,0,0
Panorama,64,6.2008006498217583,7.1196,12613,1,0,0
Panorama,65,6.2180059030652046,6.2793,12613,1,0,0
Panorama,66,6.28769863396883,5.5147,12613,1,0,0
Panorama,67,6.0339001938700676,6.3923,12613,1,0,0
Panorama,68,6.34479895234108,6.5882,12613,1,0,0
Panorama,69,6.0858987271785736,5.5194,12665,1,0,0
Panorama,70,5.9770974330604076,6.6413,12701,1,0,0
Panorama,71,6.2885060906410217,5.657,12613,1,0,0
Panorama,72,5.95800019800663,6.7031,12613,1,0,0
Panorama,73,6.1376984231173992,5.6391,12613,1,0,0
Panorama,74,6.1696004122495651,5.7331,12613,1,0,0
Panorama,75,6.2071997672319412,6.4411,12613,1,0,0
Panorama,76,6.0656960122287273,6.3765,12613,1,0,0
Panorama,77,6.2884991057217121,5.9419,12613,1,0,0
Panorama,78,6.0177012346684933,5.8437,12613,1,0,0
Panorama,79,6.2347007915377617,5.8686,12613,1,0,0
Panorama,80,6.2363026663661,6.4846,12613,1,0,0
Panorama,81,6.1360970139503479,6.3192,12613,1,0,0
Panorama,82,6.1870040372014046,6.2373,12613,1,0,0
Panorama,83,5.978698842227459,6.0425,12613,1,0,0
Panorama,84,6.1655966565012932,6.1534,12613,1,0,0
Panorama,85,6.1203017830848694,5.732,12613,1,0,0
Panorama,86,6.3717970624566078,6.2673,12613,1,0,0
Panorama,87,5.9897038154304028,6.9402,12613,1,0,0
Panorama,88,6.2186010181903839,5.612,12613,1,0,0
Panorama,89,6.0866000130772591,5.9415,12613,1,0,0
Panorama,90,6.0519981198012829,5.732,12613,1,0,0
Panorama,91,6.3970023766160011,5.9606,12613,1,0,0
Panorama,92,5.897201132029295,7.4039,12613,1,0,0
Panorama,93,6.4024943858385086,5.0435,12613,1,0,0
Panorama,94,6.1571993865072727,6.945,12613,1,0,0
Panorama,95,6.0160006396472454,5.7724,12701,1,0,0
Panorama,96,6.10560504719615,5.7641,12613,1,0,0
Panorama,97,6.1884000897407532,6.8063,12613,1,0,0
Panorama,98,6.0696997679769993,5.0685,12613,1,0,0
Panorama,99,7.2892997413873672,6.5985,12613,1,0,0
Panorama,100,4.9620959907770157,7.0452,12613,1,0,0
Panorama,101,6.1803995631635189,4.7081,12613,1,0,0
Panorama,102,6.0964995063841343,6.3031,12665,1,0,0
Panorama,103,6.2250993214547634,6.2424,12613,1,0,0
Panorama,104,6.0926019214093685,6.8914,12613,1,0,0
Panorama,105,6.295500323176384,5.9141,12613,1,0,0
Panorama,106,5.9659015387296677,5.629,12613,1,0,0
Panorama,107,6.3057965599000454,6.009,12613,1,0,0
Panorama,108,6.0903062112629414,6.8134,12613,1,0,0
Panorama,109,6.0975980013608932,5.8605,12613,1,0,0
Panorama,110,6.2722009606659412,5.891,12613,1,0,0
Panorama,111,5.9958971105515957,6.4929,12613,1,0,0
Panorama,112,6.1549036763608456,6.2567,12613,1,0,0
Panorama,113,6.3072987832129,5.5918,12613,1,0,0
Panorama,114,5.9130950830876827,6.2936,12613,1,0,0
Panorama,115,6.1332057230174541,6.2455,12613,1,0,0
Panorama,116,6.1520976014435291,6.242,12613,1,0,0
Panorama,117,6.4194020815193653,6.0395,12613,1,0,0
Panorama,118,5.9555978514254093,6.6966,12613,1,0,0
Panorama,119,6.8135983310639858,5.4374,12613,1,0,0
Panorama,120,5.6944019161164761,7.1093,12701,1,0,0
Panorama,121,5.90089987963438,5.2762,12613,1,0,0
Panorama,122,6.2033021822571754,7.0181,12613,1,0,0
Panorama,123,6.2982994131743908,6.2478,12613,1,0,0
Panorama,124,6.0458970256149769,5.8597,12613,1,0,0
Panorama,125,6.1945011839270592,6.3141,12613,1,0,0
Panorama,126,6.2653981149196625,5.8104,12613,1,0,0
Panorama,127,6.0135982930660248,6.7215,12613,1,0,0
Panorama,128,6.18200097233057,5.6843,12613,1,0,0
Panorama,129,6.0975058004260063,5.8953,12613,1,0,0
Panorama,130,6.1560939066112041,6.9647,12613,1,0,0
Panorama,131,6.2124999240040779,6.3134,12613,1,0,0
Panorama,132,6.2057045288383961,5.0375,12613,1,0,0
Panorama,133,6.264696829020977,6.3904,12613,1,0,0
Panorama,134,6.2041031196713448,6.0573,12613,1,0,0
Panorama,135,6.1056972481310368,7.2972,12665,1,0,0
Panorama,136,6.5436013974249363,4.9389,12613,1,0,0
Panorama,137,5.6957979686558247,6.7022,12613,1,0,0
Panorama,138,6.0902992263436317,5.8389,12613,1,0,0
Panorama,139,6.3112033531069756,5.2989,12613,1,0,0
Panorama,140,6.0520973056554794,7.6047,12613,1,0,0
Panorama,141,6.0442034155130386,6.0765,12613,1,0,0
Panorama,142,6.3197985291481018,4.8413,12613,1,0,0
Panorama,143,6.0752974823117256,7.3192,12613,1,0,0
Panorama,144,6.2553002499043941,6.094,12613,1,0,0
Panorama,145,5.9536988846957684,5.9569,12701,1,0,0
Panorama,146,6.3990009948611259,5.8083,12613,1,0,0
Panorama,147,5.8698058128356934,6.1388,12613,1,0,0
Panorama,148,6.2571996822953224,7.0112,12613,1,0,0
Panorama,149,6.3181971199810505,5.2901,12613,1,0,0
Panorama,150,6.0125989839434624,6.5268,12613,1,0,0
Panorama,151,6.1393990181386471,6.854,17939,1,0,0
Panorama,152,8.59649945050478,7.4438,12613,1,0,0
Panorama,153,5.3095025941729546,7.6568,12613,1,0,0
Panorama,154,4.6300026588141918,3.7771,12613,1,0,0
Panorama,155,6.3279974274337292,4.4176,12613,1,0,0
Panorama,156,7.6905968599021435,7.7689,12613,1,0,0
Panorama,157,4.5417021028697491,6.7056,12613,1,0,0
Panorama,158,6.06320146471262,4.8881,12613,1,0,0
Panorama,159,6.1828019097447395,5.6625,12613,1,0,0
Panorama,160,6.3141933642327785,6.7106,12613,1,0,0
Panorama,161,6.0565052554011345,6.6365,12613,1,0,0
Panorama,162,6.0166949406266212,5.0302,12613,1,0,0
Panorama,163,6.202302873134613,6.8223,12613,1,0,0
Panorama,164,6.0576032847166061,5.4844,12613,1,0,0
Panorama,165,6.8941963836550713,5.9105,12613,1,0,0
Panorama,166,5.4029976017773151,7.0988,12613,1,0,0
Panorama,167,6.101799663156271,5.9245,12613,1,0,0
Panorama,168,6.294401828199625,6.5295,12665,1,0,0
Panorama,169,7.97130074352026,5.2201,12613,1,0,0
Panorama,170,4.2624999769032,7.9326,12701,1,0,0
Panorama,171,6.1037982814013958,3.8544,12613,1,0,0
Panorama,172,6.2268991023302078,6.2147,12613,1,0,0
Panorama,173,6.2403059564530849,6.1954,12613,1,0,0
Panorama,174,6.0098995454609394,6.4538,12613,1,0,0
Panorama,175,6.4205992966890335,5.7245,12613,1,0,0
Panorama,176,5.9120962396264076,6.8757,12613,1,0,0
Panorama,177,6.3562002032995224,5.3791,12613,1,0,0
Panorama,178,5.9328018687665462,6.77,12613,1,0,0
Panorama,179,6.3074971549212933,5.5684,12613,1,0,0
Panorama,180,5.900304764509201,6.3417,12613,1,0,0
Panorama,181,7.1753966622054577,5.8958,12613,1,0,0
Panorama,182,6.0243974439799786,6.9475,12613,1,0,0
Panorama,183,6.1522037722170353,6.3706,12613,1,0,0
Panorama,184,6.0498015955090523,5.696,12613,1,0,0
Panorama,185,6.3523952849209309,6.9836,12613,1,0,0
Panorama,186,8.5258996114134789,5.7642,12613,1,0,0
Panorama,187,5.2190050482749939,10.0821,12613,1,0,0
Panorama,188,4.5099984854459763,3.3741,12613,1,0,0
Panorama,189,6.2347999773919582,4.2845,12613,1,0,0
Panorama,190,6.1724986881017685,7.014,12613,1,0,0
Panorama,191,5.9835035353899,5.8602,12613,1,0,0
Panorama,192,6.330796517431736,5.5965,12613,1,0,0
Panorama,193,6.0024023987352848,7.1817,12613,1,0,0
Panorama,194,6.1248014681041241,6.1722,12613,1,0,0
Panorama,195,6.1007938347756863,5.6271,12701,1,0,0
Panorama,196,6.08900235965848,5.9314,12613,1,0,0
Panorama,197,6.1826035380363464,6.0905,12613,1,0,0
Panorama,198,6.18549482896924,6.5347,12613,1,0,0
Panorama,199,6.2669003382325172,6.0745,12613,1,0,0
Panorama,200,6.2400014139711857,5.9418,12613,1,0,0
Panorama,201,6.1519984155893326,6.7708,12665,1,0,0
Panorama,202,5.928202997893095,5.4624,12613,1,0,0
Panorama,203,6.2785996124148369,6.1944,12613,1,0,0
Panorama,204,5.9359977021813393,6.1175,12613,1,0,0
Panorama,205,6.2714992091059685,6.7318,12613,1,0,0
Panorama,206,6.0630030930042267,5.3584,12613,1,0,0
Panorama,207,6.0706986114382744,6.215,12613,1,0,0
Panorama,208,6.2117986381053925,6.773,12613,1,0,0
Panorama,209,6.0243057087063789,5.7415,12613,1,0,0
Panorama,210,6.5760985016822815,5.5512,12613,1,0,0
Panorama,211,6.0288975946605206,7.6466,12613,1,0,0
Panorama,212,6.0341977514326572,4.793,12613,1,0,0
Panorama,213,6.1123017221689224,6.6609,12613,1,0,0
Panorama,214,6.1183036305010319,5.622,12613,1,0,0
Panorama,215,6.2003969214856625,6.362,12613,1,0,0
Panorama,216,6.2086028046905994,6.7054,12613,1,0,0
Panorama,217,5.9873014688491821,5.5043,12613,1,0,0
Panorama,218,6.0850977897644043,6.0078,12613,1,0,0
Panorama,219,6.177402101457119,6.8115,12613,1,0,0
Panorama,220,6.2845945358276367,5.5313,12701,1,0,0
Panorama,221,5.969600286334753,6.9683,12613,1,0,0
Panorama,222,6.2954011373221874,6.2856,12613,1,0,0
Panorama,223,6.1752977780997753,5.0007,12613,1,0,0
Panorama,224,5.9891012497246265,6.3546,12613,1,0,0
Panorama,225,6.7042019218206406,6.1583,12613,1,0,0
Panorama,226,5.67120173946023,7.0728,12613,1,0,0
Panorama,227,6.1661987565457821,5.0332,12613,1,0,0
Panorama,228,6.09119888395071,7.1292,12613,1,0,0
Panorama,229,6.1332979239523411,5.3238,12613,1,0,0
Panorama,230,6.1572985723614693,7.0689,12613,1,0,0
Panorama,231,6.2659014947712421,6.4554,12613,1,0,0
Panorama,232,5.9963008388876915,5.2291,12613,1,0,0
Panorama,233,6.1352038756012917,5.8555,12613,1,0,0
Panorama,234,6.16869330406189,6.3895,12665,1,0,0
Panorama,235,6.1363023705780506,5.973,12613,1,0,0
Panorama,236,6.1498014256358147,6.4736,12613,1,0,0
Panorama,237,6.0699973255395889,5.7065,12613,1,0,0
Panorama,238,6.2324050813913345,6.2117,12613,1,0,0
Panorama,239,6.127798929810524,6.5359,12613,1,0,0
Panorama,240,6.1141015030443668,6.1968,12613,1,0,0
Panorama,241,6.208496168255806,6.1816,12613,1,0,0
Panorama,242,6.1794007197022438,5.925,12613,1,0,0
Panorama,243,6.1117983423173428,5.9861,12613,1,0,0
Panorama,244,6.1764032579958439,6.0995,12613,1,0,0
Panorama,245,6.0574971139431,5.9373,12701,1,0,0
Panorama,246,6.1932043172419071,6.7982,12613,1,0,0
Panorama,247,6.14559929817915,5.9017,12613,1,0,0
Panorama,248,6.19910005480051,5.7458,12613,1,0,0
Panorama,249,6.34479895234108,6.6525,12613,1,0,0
Panorama,250,5.8914967812597752,5.7738,12613,1,0,0
Panorama,251,6.1942036263644695,6.6728,12613,1,0,0
Panorama,252,6.0723992064595222,6.2733,12613,1,0,0
Panorama,253,6.2819020822644234,4.8391,12613,1,0,0
Panorama,254,5.9848004020750523,6.9393,12613,1,0,0
Panorama,255,6.1409934423863888,5.4409,12613,1,0,0
Panorama,256,6.8859057500958443,5.7669,12613,1,0,0
Panorama,257,5.7107992470264435,9.5112,12613,1,0,0
Panorama,258,6.095698568969965,4.3478,12613,1,0,0
Panorama,259,6.5627978183329105,8.1599,12613,1,0,0
Panorama,260,5.5779051035642624,4.1602,12613,1,0,0
Panorama,261,6.127798929810524,5.8089,12613,1,0,0
Panorama,262,6.3741002231836319,5.2335,12613,1,0,0
Panorama,263,5.9384992346167564,6.8155,12613,1,0,0
Panorama,264,6.1307963915169239,6.1604,12613,1,0,0
Panorama,265,6.1785005964338779,5.8119,12613,1,0,0
Panorama,266,6.3399020582437515,5.9629,12613,1,0,0
Panorama,267,5.9525012038648129,6.8954,12665,1,0,0
Panorama,268,6.1164963990449905,5.2847,12613,1,0,0
Panorama,269,6.248200312256813,6.743,12613,1,0,0
Panorama,270,6.2992982566356659,5.8808,12701,1,0,0
Panorama,271,6.0186013579368591,5.9782,12613,1,0,0
Panorama,272,6.1550028622150421,6.3247,12613,1,0,0
Panorama,273,6.161196157336235,6.0841,12613,1,0,0
Panorama,274,6.0886056162416935,6.4603,12613,1,0,0
Panorama,275,5.9835957363247871,5.1351,12613,1,0,0
Panorama,276,6.2782028689980507,6.4427,12613,1,0,0
Panorama,277,6.2293014489114285,6.6879,12613,1,0,0
Panorama,278,6.0993977822363377,6.181,12613,1,0,0
Panorama,279,6.013102363795042,6.1795,12613,1,0,0
Panorama,280,6.0693947598338127,5.6571,12613,1,0,0
Panorama,281,6.3375993631780148,5.7804,12613,1,0,0
Panorama,282,6.3289045356214046,7.1856,12613,1,0,0
Panorama,283,5.7638958096504211,5.4847,12613,1,0,0
Panorama,284,6.1573060229420662,6.269,12613,1,0,0
Panorama,285,6.3248937949538231,6.5376,12613,1,0,0
Panorama,286,6.0636056587100029,5.9139,12613,1,0,0
Panorama,287,6.1842971481382847,6.3369,12613,1,0,0
Panorama,288,6.1151999980211258,5.9561,12613,1,0,0
Panorama,289,6.2660998664796352,7.4702,12613,1,0,0
Panorama,290,5.9049036353826523,5.4156,12613,1,0,0
Panorama,291,6.3530965708196163,5.6522,12613,1,0,0
Panorama,292,6.0751982964575291,6.4811,12613,1,0,0
Panorama,293,6.2975054606795311,5.5513,12613,1,0,0
Panorama,294,5.8790957555174828,6.3099,12613,1,0,0
Panorama,295,6.1630029231309891,6.287,12701,1,0,0
Panorama,296,6.1841979622840881,5.531,12613,1,0,0
Panorama,297,6.1280964873731136,7.9035,12613,1,0,0
Panorama,298,6.1304066330194473,4.3502,12613,1,0,0
Panorama,299,6.2860967591404915,6.6178,12613,1,0,0
Penetrations,0,14.667602255940437,14.7799,20423,1,1,1
Penetrations,1,4.4020973145961761,4.3745,12613,1,1,1
Penetrations,2,3.3841056283563375,3.4264,12613,1,1,1
Penetrations,3,3.3831987529993057,3.343,12613,1,1,1
Penetrations,4,4.4777989387512207,4.0521,12613,1,1,1
Penetrations,5,6.0640024021267891,3.808,12613,1,1,1
Penetrations,6,6.11159298568964,5.9401,12613,1,1,1
Penetrations,7,6.1644059605896473,6.3423,12613,1,1,1
Penetrations,8,6.1643989756703377,6.4444,12613,1,1,1
Penetrations,9,6.16269838064909,6.0177,12613,1,1,1
Penetrations,10,6.0921981930732727,6.0478,12613,1,1,1
Penetrations,11,6.2767006456851959,5.9254,12613,1,1,1
Penetrations,12,6.1207977123558521,7.7672,16573,1,2,2
Penetrations,13,6.136004813015461,5.3034,26835,1,2,2
Penetrations,14,12.0937991887331,6.5323,12613,1,2,2
Penetrations,15,6.1625991947948933,12.0005,12613,1,2,2
Penetrations,16,6.19149673730135,6.7875,12613,1,2,2
Penetrations,17,6.3491002656519413,5.3596,12613,1,2,2
Penetrations,18,6.0223001055419445,5.9065,12613,1,2,2
Penetrations,19,6.0614016838371754,5.7468,12613,1,2,2
Penetrations,20,6.12570159137249,6.1443,17857,1,2,2
Penetrations,21,12.630002573132515,6.3197,16353,1,2,2
Penetrations,22,11.920698918402195,13.0173,12613,1,2,2
Penetrations,23,6.2978952191770077,11.3989,12665,1,2,2
Penetrations,24,6.1196004971861839,7.551,16573,1,3,3
Penetrations,25,6.19119917973876,4.7572,12613,1,3,3
Penetrations,26,6.1712018214166164,6.0338,12613,1,3,3
Penetrations,27,6.2506021931767464,5.8728,12613,1,3,3
Penetrations,28,6.2243975698947906,6.4789,12613,1,3,3
Penetrations,29,6.0643991455435753,6.4948,12613,1,3,3
Penetrations,30,5.9378049336373806,5.6473,12613,1,3,3
Penetrations,31,6.3365008682012558,6.0483,12613,1,3,3
Penetrations,32,6.1098993755877018,6.3743,12613,1,3,3
Penetrations,33,6.2172971665859222,6.1386,12613,1,3,3
Penetrations,34,5.9605017304420471,6.7365,12613,1,3,3
Penetrations,35,6.3730017282068729,5.4277,12613,1,3,3
Penetrations,36,5.9198979288339615,6.6659,16777,1,4,4
Penetrations,37,6.1502978205680847,5.5293,12613,1,4,4
Penetrations,38,6.2507013790309429,5.7799,12613,1,4,4
Penetrations,39,6.0744970105588436,7.4312,12613,1,4,4
Penetrations,40,6.0839992947876453,4.9052,12613,1,4,4
Penetrations,41,6.2269060872495174,6.4616,12613,1,4,4
Penetrations,42,6.0714003629982471,5.9398,12613,1,4,4
Penetrations,43,6.0753966681659222,6.6246,17857,1,4,4
Penetrations,44,12.500297278165817,5.9959,16353,1,4,4
Penetrations,45,12.18610443174839,12.5354,12613,1,4,4
Penetrations,46,6.1433957889676094,12.3271,12613,1,4,4
Penetrations,47,6.1829010955989361,5.8804,12613,1,4,4
Penetrations,48,6.2088011763989925,7.3124,19771,1,5,5
Penetrations,49,6.1574969440698624,4.5531,12595,1,5,5
Penetrations,50,6.1686011031270027,6.1711,12595,1,5,5
Penetrations,51,6.0949050821363926,6.7693,12595,1,5,5
Penetrations,52,6.2370961531996727,5.966,12595,1,5,5
Penetrations,53,5.9776008129119873,5.7129,12647,1,5,5
Penetrations,54,6.2365010380744934,5.8262,12595,1,5,5
Penetrations,55,6.0720024630427361,7.3984,12595,1,5,5
Penetrations,56,6.1716977506875992,5.084,12595,1,5,5
Penetrations,57,6.16510072723031,7.1113,12595,1,5,5
Penetrations,58,6.219097413122654,5.3956,12595,1,5,5
Penetrations,59,6.150602363049984,6.0923,12595,1,5,5
Penetrations,60,6.1688986606895924,7.7047,15669,1,6,6
Penetrations,61,5.9746033512055874,5.9323,12613,1,6,6
Penetrations,62,6.4077950082719326,5.2284,12613,1,6,6
Penetrations,63,6.0512046329677105,6.7581,12613,1,6,6
Penetrations,64,6.2547973357141018,5.365,12613,1,6,6
Penetrations,65,6.1167022213339806,7.2086,12613,1,6,6
Penetrations,66,6.0198977589607239,6.559,17857,1,6,6
Penetrations,67,12.209899723529816,4.499,16353,1,6,6
Penetrations,68,12.372002936899662,12.777,12613,1,6,6
Penetrations,69,6.1262967064976692,13.4257,12613,1,6,6
Penetrations,70,6.2433034181594849,5.0084,12613,1,6,6
Penetrations,71,6.2320013530552387,6.989,12613,1,6,6
Penetrations,72,6.1923963949084282,6.2145,20727,1,7,7
Penetrations,73,6.1019985005259514,5.4166,12791,1,7,7
Penetrations,74,6.1749005690217018,6.4193,12791,1,7,7
Penetrations,75,6.1887046322226524,5.5479,12791,1,7,7
Penetrations,76,6.312195211648941,7.434,12791,1,7,7
Penetrations,77,6.0435021296143532,6.1626,12791,1,7,7
Penetrations,78,6.3375993631780148,5.2163,12791,1,7,7
Penetrations,79,6.13980321213603,6.7637,12791,1,7,7
Penetrations,80,6.2501984648406506,5.6211,12791,1,7,7
Penetrations,81,6.0556973330676556,6.9063,12791,1,7,7
Penetrations,82,5.9632016345858574,5.3074,12791,1,7,7
Penetrations,83,6.231299601495266,7.0588,12791,1,7,7
Penetrations,84,6.0902000404894352,6.107,16125,1,8,8
Penetrations,85,6.5806973725557327,5.6218,12613,1,8,8
Penetrations,86,5.9194019995629787,6.289,12613,1,8,8
Penetrations,87,5.8633005246520042,6.2222,12613,1,8,8
Penetrations,88,6.1850976198911667,5.0616,12613,1,8,8
Penetrations,89,6.3312002457678318,6.8904,17857,1,8,8
Penetrations,90,12.147101573646069,6.6046,16353,1,8,8
Penetrations,91,12.371102347970009,11.6142,12613,1,8,8
Penetrations,92,6.39810087159276,12.2839,12613,1,8,8
Penetrations,93,6.2101967632770538,6.1842,12613,1,8,8
Penetrations,94,6.0528982430696487,6.1349,12613,1,8,8
Penetrations,95,5.9628048911690712,5.7931,12613,1,8,8
Penetrations,96,6.1961947940289974,6.7344,15669,1,9,9
Penetrations,97,6.07700552791357,6.1343,12613,1,9,9
Penetrations,98,6.08879653736949,5.284,12613,1,9,9
Penetrations,99,6.764101330190897,6.9027,12613,1,9,9
Penetrations,100,5.5665955878794193,5.8647,12613,1,9,9
Penetrations,101,6.2910006381571293,5.6867,12613,1,9,9
Penetrations,102,6.0080001130700111,6.7602,12613,1,9,9
Penetrations,103,6.1202025972306728,5.8459,12613,1,9,9
Penetrations,104,6.32470240816474,5.9379,12613,1,9,9
Penetrations,105,6.3749998807907104,6.0364,12613,1,9,9
Penetrations,106,5.9848995879292488,6.6188,12613,1,9,9
Penetrations,107,5.8751986362040043,6.4388,12613,1,9,9
Penetrations,108,6.1843963339924812,6.0582,19439,1,10,10
Penetrations,109,6.2890024855732918,6.0731,12791,1,10,10
Penetrations,110,6.0651996172964573,6.0003,12791,1,10,10
Penetrations,111,6.46580196917057,5.2753,12791,1,10,10
Penetrations,112,5.8833970688283443,8.2678,18035,1,10,10
Penetrations,113,12.204698286950588,4.7809,16531,1,10,10
Penetrations,114,12.428904883563519,12.8159,12791,1,10,10
Penetrations,115,6.0768988914787769,12.4836,12843,1,10,10
Penetrations,116,6.29340298473835,4.9293,12791,1,10,10
Penetrations,117,5.9956987388432026,7.5204,12791,1,10,10
Penetrations,118,6.1955004930496216,4.818,12791,1,10,10
Penetrations,119,6.0573979280889034,6.047,12791,1,10,10
Penetrations,120,6.12599914893508,6.8839,15669,1,11,11
Penetrations,121,6.4039044082164764,5.1048,12613,1,11,11
Penetrations,122,6.0470947064459324,6.6792,12613,1,11,11
Penetrations,123,6.0963011346757412,5.9639,12613,1,11,11
Penetrations,124,6.0178996063768864,6.1604,12613,1,11,11
Penetrations,125,6.0983984731137753,6.0712,12613,1,11,11
Penetrations,126,6.4299036748707294,5.9537,12613,1,11,11
Penetrations,127,5.9056971222162247,6.5159,12613,1,11,11
Penetrations,128,6.0928994789719582,5.6865,12613,1,11,11
Penetrations,129,6.4531038515269756,6.2416,12613,1,11,11
Penetrations,130,6.1280964873731136,6.5497,12613,1,11,11
Penetrations,131,5.9040035121142864,6.0757,12613,1,11,11
Penetrations,132,6.21649669483304,6.1239,15669,1,12,12
Penetrations,133,6.3747023232281208,6.0873,12613,1,12,12
Penetrations,134,5.8625992387533188,5.7749,12613,1,12,12
Penetrations,135,6.2858983874320984,6.8405,17857,1,12,12
Penetrations,136,12.45809905230999,6.4573,16353,1,12,12
Penetrations,137,12.241900898516178,12.0324,12613,1,12,12
Penetrations,138,5.9035997837781906,11.6294,12613,1,12,12
Penetrations,139,6.0944017022848129,6.0739,12613,1,12,12
Penetrations,140,6.3721016049385071,6.0617,12613,1,12,12
Penetrations,141,6.3493978232145309,7.6718,12613,1,12,12
Penetrations,142,5.8353031054139137,4.9384,12613,1,12,12
Penetrations,143,6.1771967448294163,5.8916,12613,1,12,12
Penetrations,144,6.1167022213339806,6.9708,16957,1,13,13
Penetrations,145,6.3831987790763378,5.6888,12665,1,13,13
Penetrations,146,5.9516015462577343,6.1678,12613,1,13,13
Penetrations,147,6.3133998773992062,5.98,12613,1,13,13
Penetrations,148,6.1160996556282043,6.2131,12613,1,13,13
Penetrations,149,5.8535006828606129,6.0482,12613,1,13,13
Penetrations,150,6.15369901061058,6.0435,12613,1,13,13
Penetrations,151,6.3677011057734489,6.7132,12613,1,13,13
Penetrations,152,6.0205003246665,5.52,12613,1,13,13
Penetrations,153,6.2912981957197189,6.9153,12613,1,13,13
Penetrations,154,6.1988024972379208,5.9394,12613,1,13,13
Penetrations,155,6.2000993639230728,5.9645,12613,1,13,13
Penetrations,156,6.1420989222824574,6.4416,15669,1,14,14
Penetrations,157,6.0602962039411068,5.9348,12613,1,14,14
Penetrations,158,6.04010047391057,7.3595,17857,1,14,14
Penetrations,159,12.807802297174931,4.7301,16353,1,14,14
Penetrations,160,11.918501928448677,12.4665,12613,1,14,14
Penetrations,161,5.9172972105443478,11.9971,12613,1,14,14
Penetrations,162,6.1150016263127327,6.187,12613,1,14,14
Penetrations,163,6.4903981983661652,5.7971,12613,1,14,14
Penetrations,164,6.1904974281787872,6.8792,12613,1,14,14
Penetrations,165,5.9163053520023823,6.0809,12613,1,14,14
Penetrations,166,6.1983983032405376,5.5754,12613,1,14,14
Penetrations,167,6.19370024651289,6.4682,12613,1,14,14
Penetrations,168,6.144501268863678,6.7686,17963,1,15,15
Penetrations,169,6.2732002697885036,6.2239,12595,1,15,15
Penetrations,170,6.0393000021576881,5.9923,12595,1,15,15
Penetrations,171,6.1133005656301975,5.5674,12595,1,15,15
Penetrations,172,6.1549958772957325,6.0883,12595,1,15,15
Penetrations,173,6.311904639005661,6.3137,12595,1,15,15
Penetrations,174,6.1010983772575855,6.2977,12595,1,15,15
Penetrations,175,6.0325963422656059,5.7748,12595,1,15,15
Penetrations,176,6.2972009181976318,6.3113,12647,1,15,15
Penetrations,177,6.6881021484732628,7.1364,12595,1,15,15
Penetrations,178,5.7221017777919769,5.6039,12595,1,15,15
Penetrations,179,6.338194478303194,6.3939,12595,1,15,15
Penetrations,180,5.9632016345858574,7.2366,15669,1,16,16
Penetrations,181,6.1273030005395412,6.0511,17857,1,16,16
Penetrations,182,12.321300804615021,5.0689,16353,1,16,16
Penetrations,183,12.195599265396595,12.2949,12613,1,16,16
Penetrations,184,6.4028981141746044,12.6951,12613,1,16,16
Penetrations,185,5.9516015462577343,6.8977,12613,1,16,16
Penetrations,186,6.4854947850108147,5.0473,12613,1,16,16
Penetrations,187,5.9266015887260437,6.7116,12613,1,16,16
Penetrations,188,6.1535006389021873,5.3067,12613,1,16,16
Penetrations,189,6.1303996481001377,6.528,12613,1,16,16
Penetrations,190,6.2185018323361874,6.4283,12613,1,16,16
Penetrations,191,6.0082976706326008,6.1988,12613,1,16,16
Penetrations,192,6.311104167252779,6.112,15669,1,17,16
Penetrations,193,6.2258006073534489,5.9155,12613,1,17,16
Penetrations,194,6.00090017542243,5.5934,12613,1,17,16
Penetrations,195,6.03139866143465,6.2411,12613,1,17,16
Penetrations,196,6.3679986633360386,5.9738,12613,1,17,16
Penetrations,197,6.2284013256430626,6.3236,12613,1,17,16
Penetrations,198,6.174496840685606,6.3959,12613,1,17,16
Penetrations,199,5.9959040954709053,5.8922,12613,1,17,16
Penetrations,200,6.2331985682249069,6.7773,12613,1,17,16
Penetrations,201,5.9363944455981255,5.5412,12613,1,17,16
Penetrations,202,6.3240006566047668,5.9203,12613,1,17,16
Penetrations,203,6.0794996097683907,6.6525,12613,1,17,16
Penetrations,204,6.1520054005086422,7.1431,21717,1,18,16
Penetrations,205,12.408793903887272,5.182,16353,1,18,16
Penetrations,206,12.038803659379482,12.2601,12613,1,18,16
Penetrations,207,6.1592971906065941,12.0609,12665,1,18,16
Penetrations,208,6.1785997822880745,6.2029,12613,1,18,16
Penetrations,209,6.3873017206788063,5.8521,12613,1,18,16
Penetrations,210,5.8836024254560471,6.8416,12613,1,18,16
Penetrations,211,6.3158022239804268,5.7752,12613,1,18,16
Penetrations,212,6.5504959784448147,5.9117,12613,1,18,16
Penetrations,213,5.5758999660611153,6.9196,12613,1,18,16
Penetrations,214,6.0992985963821411,5.2407,12613,1,18,16
Penetrations,215,6.1722011305391788,7.13,12613,1,18,16
Penetrations,216,6.0871033929288387,6.1208,16957,1,19,16
Penetrations,217,6.18529599159956,5.065,12613,1,19,16
Penetrations,218,6.1759990639984608,6.5122,12613,1,19,16
Penetrations,219,6.62560248747468,6.7862,12613,1,19,16
Penetrations,220,5.69700263440609,5.6928,12613,1,19,16
Penetrations,221,6.152699701488018,7.1965,12613,1,19,16
Penetrations,222,6.0979947447776794,5.3885,12613,1,19,16
Penetrations,223,6.31270557641983,6.3923,12613,1,19,16
Penetrations,224,6.3142008148133755,5.785,12613,1,19,16
Penetrations,225,5.93239814043045,6.3683,12613,1,19,16
Penetrations,226,6.3410005532205105,5.3405,12613,1,19,16
Penetrations,227,5.9195011854171753,7.296,17857,1,19,16
Penetrations,228,12.47299462556839,5.6051,23179,1,20,16
Penetrations,229,12.438704259693623,12.6281,12791,1,20,16
Penetrations,230,5.9912982396781445,11.9254,12791,1,20,16
Penetrations,231,6.4517008140683174,6.0167,12791,1,20,16
Penetrations,232,6.3132015056908131,5.8825,12791,1,20,16
Penetrations,233,5.7870959863066673,6.0548,12791,1,20,16
Penetrations,234,6.0407030396163464,6.6606,12791,1,20,16
Penetrations,235,6.3428995199501514,5.1491,12791,1,20,16
Penetrations,236,6.1328019946813583,7.9208,12791,1,20,16
Penetrations,237,6.2009990215301514,4.7921,12843,1,20,16
Penetrations,238,5.9281960129737854,6.3483,12791,1,20,16
Penetrations,239,6.0837017372250557,6.024,12791,1,20,16
Penetrations,240,6.3484976999461651,6.0903,15669,1,21,16
Penetrations,241,6.2686013989150524,6.48,12613,1,21,16
Penetrations,242,6.0240998864173889,5.8732,12613,1,21,16
Penetrations,243,6.13090256229043,6.2646,12613,1,21,16
Penetrations,244,6.3945013098418713,6.2556,17939,1,21,16
Penetrations,245,7.3256944306194782,7.2484,12613,1,21,16
Penetrations,246,4.84750559553504,6.6336,12613,1,21,16
Penetrations,247,10.399497114121914,4.461,12613,1,21,16
Penetrations,248,5.2759991958737373,12.3454,12613,1,21,16
Penetrations,249,4.4415039010345936,4.5594,17857,1,21,16
Penetrations,250,10.74299868196249,3.2342,16353,1,21,16
Penetrations,251,12.056795880198479,10.5886,12613,1,21,16
Penetrations,252,6.2189060263335705,12.473,15669,1,22,16
Penetrations,253,6.1080995947122574,5.8274,12613,1,22,16
Penetrations,254,6.1210957355797291,6.0038,12613,1,22,16
Penetrations,255,6.1906035989522934,6.2139,12613,1,22,16
Penetrations,256,6.5600979141891,6.2658,12613,1,22,16
Penetrations,257,5.7843043468892574,7.3734,12613,1,22,16
Penetrations,258,6.95729861035943,5.1608,12613,1,22,16
Penetrations,259,5.3568948060274124,6.9828,12613,1,22,16
Penetrations,260,6.0724066570401192,5.081,12613,1,22,16
Penetrations,261,6.3584963791072369,7.1029,12613,1,22,16
Penetrations,262,7.8775016590952873,5.4273,12613,1,22,16
Penetrations,263,4.171095322817564,7.6455,12613,1,22,16
Penetrations,264,6.3521047122776508,4.9639,15669,1,23,16
Penetrations,265,5.9188986197113991,5.6067,12613,1,23,16
Penetrations,266,6.1904974281787872,5.7064,12613,1,23,16
Penetrations,267,6.0905045829713345,6.1783,12613,1,23,16
Penetrations,268,6.1983983032405376,6.4695,12665,1,23,16
Penetrations,269,6.2321005389094353,5.7573,12613,1,23,16
Penetrations,270,6.1457976698875427,7.1174,12613,1,23,16
Penetrations,271,6.374298594892025,5.3572,12613,1,23,16
Penetrations,272,6.0196002013981342,6.829,12613,1,23,16
Penetrations,273,6.2025012448430061,6.3802,17857,1,23,16
Penetrations,274,17.585204914212227,19.9097,16353,1,23,16
Penetrations,275,6.8978955969214439,3.7143,12613,1,23,16
Penetrations,276,6.2621030956506729,6.8299,15669,1,24,16
Penetrations,277,6.02869875729084,5.4846,12613,1,24,16
Penetrations,278,6.3341977074742317,6.27,12613,1,24,16
Penetrations,279,6.1135981231927872,6.4805,12613,1,24,16
Penetrations,280,6.2042023055255413,5.8598,12613,1,24,16
Penetrations,281,6.09199982136488,6.0953,12613,1,24,16
Penetrations,282,6.0561010614037514,5.7726,12613,1,24,16
Penetrations,283,6.32689893245697,6.8373,12613,1,24,16
Penetrations,284,6.066503468900919,5.9648,12613,1,24,16
Penetrations,285,6.0872943140566349,6.096,12613,1,24,16
Penetrations,286,6.1703016981482506,5.9887,12613,1,24,16
Penetrations,287,5.89550007134676,5.5556,12613,1,24,16
Penetrations,288,6.2680980190634727,6.5169,16939,1,25,16
Penetrations,289,6.7612030543386936,6.0152,12595,1,25,16
Penetrations,290,5.61469653621316,6.4993,12595,1,25,16
Penetrations,291,5.9893000870943069,6.2181,12595,1,25,16
Penetrations,292,6.3436012715101242,5.5712,12595,1,25,16
Penetrations,293,6.2093040905892849,6.4877,12595,1,25,16
Penetrations,294,5.9622945263981819,5.9534,12595,1,25,16
Penetrations,295,6.124603096395731,5.7249,12595,1,25,16
Penetrations,296,6.3998014666140079,7.4194,17839,1,25,16
Penetrations,297,12.294096872210503,6.0715,16335,1,25,16
Penetrations,298,12.196598574519157,12.1359,12595,1,25,16
Penetrations,299,6.155902985483408,12.5233,12647,1,25,16
