"utc","pid","dedicatedBytes","sharedBytes","samples"
"2026-09-19T12:23:29.3027832Z","6208","233000960","225972224","2"
"2026-09-19T12:23:30.3646723Z","6208","233000960","226103296","2"
"2026-09-19T12:23:31.3906208Z","6208","233000960","226103296","2"
"2026-09-19T12:23:32.4088628Z","6208","233000960","226103296","2"
"2026-09-19T12:23:33.4367906Z","6208","335052800","243929088","2"
"2026-09-19T12:23:34.4605299Z","6208","335241216","265965568","2"
"2026-09-19T12:23:35.4862713Z","6208","326270976","282742784","2"
"2026-09-19T12:23:36.5117937Z","6208","337084416","283791360","2"
"2026-09-19T12:23:37.5425032Z","6208","336953344","284839936","2"
"2026-09-19T12:23:38.5662880Z","6208","336928768","272257024","2"
"2026-09-19T12:23:39.5942666Z","6208","337137664","311054336","2"
"2026-09-19T12:23:40.6178233Z","6208","337137664","311054336","2"
"2026-09-19T12:23:41.6450716Z","6208","337104896","294277120","2"
"2026-09-19T12:23:42.6710000Z","6208","337113088","298471424","2"
"2026-09-19T12:23:43.6974797Z","6208","337113088","298471424","2"
"2026-09-19T12:23:44.7253988Z","6208","337104896","294277120","2"
"2026-09-19T12:23:45.7533899Z","6208","337170432","327831552","2"
"2026-09-19T12:23:46.7815326Z","6208","337170432","327831552","2"
"2026-09-19T12:23:47.8031878Z","6208","337162240","323637248","2"
"2026-09-19T12:23:48.8284452Z","6208","337121280","302665728","2"
"2026-09-19T12:23:49.8551845Z","6208","337121280","302665728","2"
"2026-09-19T12:23:50.8887371Z","6208","338116608","306860032","2"
"2026-09-19T12:23:51.9180145Z","6208","337129472","306860032","2"
"2026-09-19T12:23:52.9415031Z","6208","337113088","298471424","2"
"2026-09-19T12:23:53.9701190Z","6208","338124800","311054336","2"
"2026-09-19T12:23:54.9988026Z","6208","337137664","311054336","2"
"2026-09-19T12:23:56.0293016Z","6208","337137664","311054336","2"
"2026-09-19T12:23:57.0589469Z","6208","338128896","311054336","2"
"2026-09-19T12:23:58.0895882Z","6208","337137664","311054336","2"
"2026-09-19T12:23:59.1120811Z","6208","337104896","294277120","2"
"2026-09-19T12:24:00.1428328Z","6208","337403904","311054336","2"
"2026-09-19T12:24:01.1731008Z","6208","337137664","311054336","2"
"2026-09-19T12:24:02.1977327Z","6208","337268736","311054336","2"
"2026-09-19T12:24:03.2249007Z","6208","332333056","302665728","2"
"2026-09-19T12:24:04.2489761Z","6208","332333056","302665728","2"
"2026-09-19T12:24:05.2751237Z","6208","332349440","311054336","2"
"2026-09-19T12:24:06.3029021Z","6208","332349440","311054336","2"
"2026-09-19T12:24:07.3251436Z","6208","332349440","311054336","2"
"2026-09-19T12:24:08.3577989Z","6208","332349440","311054336","2"
"2026-09-19T12:24:09.3854601Z","6208","332316672","294277120","2"
"2026-09-19T12:24:10.4104086Z","6208","332316672","294277120","2"
"2026-09-19T12:24:11.4330686Z","6208","332349440","311054336","2"
"2026-09-19T12:24:12.4567785Z","6208","332349440","311054336","2"
"2026-09-19T12:24:13.4834933Z","6208","332349440","311054336","2"
"2026-09-19T12:24:14.5193709Z","6208","332316672","294277120","2"
"2026-09-19T12:24:15.5381592Z","6208","332349440","311054336","2"
"2026-09-19T12:24:16.5657822Z","6208","332349440","311054336","2"
"2026-09-19T12:24:17.5943317Z","6208","337235968","294277120","2"
"2026-09-19T12:24:18.6252640Z","6208","337276928","315248640","2"
"2026-09-19T12:24:19.6505429Z","6208","337276928","315248640","2"
"2026-09-19T12:24:20.6734819Z","6208","337235968","294277120","2"
"2026-09-19T12:24:21.6916363Z","6208","337235968","294277120","2"
"2026-09-19T12:24:22.7149703Z","6208","337235968","294277120","2"
"2026-09-19T12:24:23.7410349Z","6208","337235968","294277120","2"
"2026-09-19T12:24:24.7602550Z","6208","337276928","315248640","2"
"2026-09-19T12:24:25.7863811Z","6208","337276928","315248640","2"
"2026-09-19T12:24:26.8153840Z","6208","337268736","311054336","2"
"2026-09-19T12:24:27.8422245Z","6208","337268736","311054336","2"
"2026-09-19T12:24:28.8720826Z","6208","337268736","311054336","2"
"2026-09-19T12:24:29.8982191Z","6208","337235968","294277120","2"
"2026-09-19T12:24:30.9252476Z","6208","337268736","311054336","2"
"2026-09-19T12:24:31.9505912Z","6208","337268736","311054336","2"
"2026-09-19T12:24:32.9788327Z","6208","338255872","311054336","2"
"2026-09-19T12:24:34.0079191Z","6208","337268736","311054336","2"
"2026-09-19T12:24:35.0340764Z","6208","337235968","294277120","2"
"2026-09-19T12:24:36.0597679Z","6208","338247680","306860032","2"
"2026-09-19T12:24:37.0850188Z","6208","337260544","306860032","2"
"2026-09-19T12:24:38.1109338Z","6208","337260544","306860032","2"
"2026-09-19T12:24:39.1261082Z","6208","337502208","294277120","2"
"2026-09-19T12:24:40.1525391Z","6208","337305600","294277120","2"
"2026-09-19T12:24:41.1785820Z","6208","337305600","294277120","2"
"2026-09-19T12:24:42.2000768Z","6208","337571840","295325696","2"
"2026-09-19T12:24:43.2252650Z","6208","337313792","299520000","2"
"2026-09-19T12:24:44.2492909Z","6208","337313792","299520000","2"
"2026-09-19T12:24:45.2609960Z","6208","337313792","299520000","2"
"2026-09-19T12:24:46.2898717Z","6208","337313792","299520000","2"
"2026-09-19T12:24:47.3193077Z","6208","337305600","295325696","2"
"2026-09-19T12:24:48.3434555Z","6208","337305600","295325696","2"
"2026-09-19T12:24:49.3694752Z","6208","337305600","295325696","2"
"2026-09-19T12:24:50.3985825Z","6208","337305600","295325696","2"
"2026-09-19T12:24:51.4259512Z","6208","337305600","295325696","2"
"2026-09-19T12:24:52.4517263Z","6208","337305600","295325696","2"
"2026-09-19T12:24:53.4767484Z","6208","337305600","295325696","2"
"2026-09-19T12:24:54.5034333Z","6208","337305600","295325696","2"
"2026-09-19T12:24:55.5288601Z","6208","337305600","295325696","2"
"2026-09-19T12:24:56.5405959Z","6208","337305600","295325696","2"
"2026-09-19T12:24:57.5659717Z","6208","337305600","295325696","2"
"2026-09-19T12:24:58.5963323Z","6208","337305600","295325696","2"
"2026-09-19T12:24:59.6216221Z","6208","337305600","295325696","2"
"2026-09-19T12:25:00.6466902Z","6208","337305600","295325696","2"
"2026-09-19T12:25:01.6692400Z","6208","337305600","295325696","2"
"2026-09-19T12:25:02.6921954Z","6208","338292736","295325696","2"
"2026-09-19T12:25:03.7155229Z","6208","332386304","295325696","2"
"2026-09-19T12:25:04.7422445Z","6208","332386304","295325696","2"
"2026-09-19T12:25:05.7714678Z","6208","332386304","295325696","2"
"2026-09-19T12:25:06.7971977Z","6208","332386304","295325696","2"
"2026-09-19T12:25:07.8234389Z","6208","332386304","295325696","2"
"2026-09-19T12:25:08.8520589Z","6208","332386304","295325696","2"
"2026-09-19T12:25:09.8740565Z","6208","337305600","295325696","2"
"2026-09-19T12:25:10.9033745Z","6208","337305600","295325696","2"
"2026-09-19T12:25:11.9280368Z","6208","337305600","295325696","2"
"2026-09-19T12:25:12.9558897Z","6208","337305600","295325696","2"
"2026-09-19T12:25:13.9819928Z","6208","337305600","295325696","2"
"2026-09-19T12:25:15.0089393Z","6208","337305600","295325696","2"
"2026-09-19T12:25:16.0325671Z","6208","337305600","295325696","2"
"2026-09-19T12:25:17.0479074Z","6208","337305600","295325696","2"
"2026-09-19T12:25:18.0713454Z","6208","337305600","295325696","2"
"2026-09-19T12:25:19.0857145Z","6208","337305600","295325696","2"
"2026-09-19T12:25:20.1126118Z","6208","337305600","295325696","2"
"2026-09-19T12:25:21.1250632Z","6208","337305600","295325696","2"
"2026-09-19T12:25:22.1431948Z","6208","337305600","295325696","2"
"2026-09-19T12:25:23.1668264Z","6208","337313792","299520000","2"
"2026-09-19T12:25:24.1911375Z","6208","337313792","299520000","2"
"2026-09-19T12:25:25.2194828Z","6208","337305600","295325696","2"
"2026-09-19T12:25:26.2476252Z","6208","337305600","295325696","2"
"2026-09-19T12:25:27.2751069Z","6208","337305600","295325696","2"
"2026-09-19T12:25:28.2981318Z","6208","337305600","295325696","2"
"2026-09-19T12:25:29.3242013Z","6208","337305600","295325696","2"
"2026-09-19T12:25:30.3467822Z","6208","338292736","295325696","2"
"2026-09-19T12:25:31.3695025Z","6208","338292736","295325696","2"
"2026-09-19T12:25:32.3809681Z","6208","339349504","299520000","2"
