phase,frame,frameMs,cpuFrameMs,mainThreadMs,gpuMs,drawCalls,gcBytes,unityGraphicsBytes,focused,damagedPending,exploded,escaped,beams,reactorEffects,breakingFormation,fleeing,fleetInstancedDrawCalls,fleetVisibleInstancedShips,fleetChunkCount,maximumShipSpeedMetersPerSecond
AllFleetRetreatPanorama,1,12.97090,14.85420,12.95900,3.87789,,,,1,0,0,0,0,0,2000,0,142,1916,4,27.99999
AllFleetRetreatPanorama,2,41.69030,12.26020,41.68260,3.39149,,,,1,0,0,0,0,0,2000,0,142,1916,4,83.99916
AllFleetRetreatPanorama,3,20.34090,16.47970,20.33700,3.92090,,,,1,0,0,0,0,0,2000,0,142,1916,4,111.99790
AllFleetRetreatPanorama,4,14.42190,12.96630,14.41940,3.98541,,,,1,0,0,0,0,0,2000,0,142,1916,4,139.99580
AllFleetRetreatPanorama,5,15.50259,41.68610,15.49550,3.92192,,,,1,0,0,0,0,0,2000,0,142,1916,4,167.99330
AllFleetRetreatPanorama,6,16.44381,20.34140,16.42550,3.92192,,,,1,0,0,0,0,0,2000,0,142,1916,4,167.99330
AllFleetRetreatPanorama,7,11.92090,14.43260,11.91540,3.98336,,,,1,0,0,0,0,0,2000,0,142,1916,4,195.99170
AllFleetRetreatPanorama,8,14.55740,15.50720,14.55260,4.42573,,,,1,0,0,0,0,0,2000,0,142,1916,4,223.99050
AllFleetRetreatPanorama,9,16.54560,16.43080,16.53720,4.42573,,,,1,0,0,0,0,0,2000,0,142,1916,4,251.98960
AllFleetRetreatPanorama,10,14.91040,11.92030,14.90370,3.85843,,,,1,0,0,0,0,0,2000,0,142,1916,4,251.98960
AllFleetRetreatPanorama,11,12.30720,14.56180,12.29630,3.85843,,,,1,0,0,0,0,0,2000,0,142,1916,4,279.98880
AllFleetRetreatPanorama,12,15.35970,16.54560,15.35520,3.93421,,,,1,0,0,0,0,0,2000,0,142,1916,4,307.98830
AllFleetRetreatPanorama,13,15.77910,14.91220,15.77190,3.87482,,,,1,0,0,0,0,0,2000,0,142,1916,4,307.98830
AllFleetRetreatPanorama,14,11.95471,12.30210,11.94670,3.21434,,,,1,0,0,0,0,0,2000,0,142,1916,4,335.98770
AllFleetRetreatPanorama,15,18.85930,15.36160,18.85330,3.21434,,,,1,0,0,0,0,0,2000,0,142,1916,4,363.98730
AllFleetRetreatPanorama,16,17.41430,15.77890,17.40410,4.10214,,,,1,0,0,0,0,0,2000,0,142,1916,4,391.98690
AllFleetRetreatPanorama,17,18.40020,11.95410,18.39680,3.90758,,,,1,0,0,0,0,0,2000,0,142,1916,4,419.98660
AllFleetRetreatPanorama,18,16.59590,18.86150,16.59150,3.94547,,,,1,0,0,0,0,0,2000,0,142,1916,4,447.98630
AllFleetRetreatPanorama,19,16.06590,17.40930,16.06130,3.94752,,,,1,0,0,0,0,0,2000,0,142,1916,4,447.98630
AllFleetRetreatPanorama,20,12.76769,18.40230,12.75890,3.94752,,,,1,0,0,0,0,0,2000,0,142,1916,4,475.98610
AllFleetRetreatPanorama,21,18.05320,16.59600,18.04270,3.26451,,,,1,0,0,0,0,0,2000,0,142,1916,4,503.98580
AllFleetRetreatPanorama,22,14.38190,16.07080,14.36900,4.00794,,,,1,0,0,0,0,0,2000,0,142,1916,4,531.98570
AllFleetRetreatPanorama,23,14.90000,12.76810,14.89910,4.00794,,,,1,0,0,0,0,0,2000,0,142,1916,4,531.98570
AllFleetRetreatPanorama,24,14.03320,18.05370,14.01080,4.01613,,,,1,0,0,0,0,0,2000,0,142,1916,4,559.98550
AllFleetRetreatPanorama,25,17.03230,14.37390,17.02290,4.01306,,,,1,0,0,0,0,0,2000,0,142,1917,4,587.98540
AllFleetRetreatPanorama,26,17.70520,14.91990,17.70210,3.33722,,,,1,0,0,0,0,0,2000,0,142,1917,4,615.98520
AllFleetRetreatPanorama,27,16.42390,14.01720,16.42130,3.26861,,,,1,0,0,0,0,0,2000,0,142,1917,4,643.98500
AllFleetRetreatPanorama,28,17.57870,17.02570,17.58270,3.96390,,,,1,0,0,0,0,0,2000,0,142,1917,4,671.98490
AllFleetRetreatPanorama,29,24.06730,17.70640,24.03800,4.02432,,,,1,0,0,0,0,0,2000,0,142,1917,4,699.98490
AllFleetRetreatPanorama,30,23.29920,16.42530,23.29870,4.01613,,,,1,0,0,0,0,0,2000,0,142,1917,4,727.98470
AllFleetRetreatPanorama,31,19.76620,17.60300,19.75990,4.01613,,,,1,0,0,0,0,0,2000,0,142,1917,4,755.98460
AllFleetRetreatPanorama,32,18.80660,24.04100,18.80010,3.35360,,,,1,0,0,0,0,0,2000,0,142,1917,4,783.98450
AllFleetRetreatPanorama,33,18.89260,23.30340,18.88750,4.03046,,,,1,0,0,0,0,0,2000,0,142,1917,4,811.98440
AllFleetRetreatPanorama,34,19.04709,19.76540,19.03740,4.07347,,,,1,0,0,0,0,0,2000,0,142,1917,4,839.98430
AllFleetRetreatPanorama,35,21.83540,18.80940,21.83470,4.17382,,,,1,0,0,0,0,0,2000,0,142,1917,4,867.98430
AllFleetRetreatPanorama,36,20.00580,18.89760,19.92240,4.35405,,,,1,0,0,0,0,0,2000,0,142,1917,4,895.98420
AllFleetRetreatPanorama,37,18.56400,19.04750,18.55630,3.98950,,,,1,0,0,0,0,0,2000,0,142,1917,4,923.98410
AllFleetRetreatPanorama,38,20.58910,21.90510,20.65210,4.04378,,,,1,0,0,0,0,0,2000,0,142,1917,4,951.98400
AllFleetRetreatPanorama,39,18.02280,19.93070,17.95070,4.16051,,,,1,0,0,0,0,0,2000,0,142,1917,4,979.98400
AllFleetRetreatPanorama,40,17.58781,18.56380,17.57570,3.39763,,,,1,0,0,0,0,0,2000,0,142,1917,4,1007.98400
AllFleetRetreatPanorama,41,15.19460,20.65430,15.18210,3.39763,,,,1,0,0,0,0,0,2000,0,142,1917,4,1007.98400
AllFleetRetreatPanorama,42,11.87800,17.96320,11.87410,4.13798,,,,1,0,0,0,0,0,1963,37,142,1917,4,1035.98400
AllFleetRetreatPanorama,43,15.63830,17.58570,15.63230,4.06630,,,,1,0,0,0,0,0,1937,63,142,1917,4,1063.98400
AllFleetRetreatPanorama,44,21.91830,15.18890,21.90250,4.02944,,,,1,0,0,0,0,0,1908,92,142,1917,4,1091.98400
AllFleetRetreatPanorama,45,15.37151,11.88240,15.36370,4.02944,,,,1,0,0,0,0,0,1874,126,142,1917,4,1119.98400
AllFleetRetreatPanorama,46,16.52710,15.64470,16.51890,4.02944,,,,1,0,0,0,0,0,1874,126,142,1917,4,1119.98400
AllFleetRetreatPanorama,47,12.16600,21.91210,12.15200,3.42118,,,,1,0,0,0,0,0,1854,146,142,1917,4,1147.98400
AllFleetRetreatPanorama,48,15.17280,15.37320,15.16750,4.02534,,,,1,0,0,0,0,0,1823,177,142,1917,4,1175.98400
AllFleetRetreatPanorama,49,16.61610,16.53000,16.61010,4.02534,,,,1,0,0,0,0,0,1797,203,142,1917,4,1203.98400
AllFleetRetreatPanorama,50,16.24831,12.15680,16.23630,4.02534,,,,1,0,0,0,0,0,1797,203,142,1917,4,1203.98400
AllFleetRetreatPanorama,51,13.43909,15.17320,13.43220,4.16563,,,,1,0,0,0,0,0,1768,232,142,1917,4,1231.98400
AllFleetRetreatPanorama,52,16.07150,16.62200,16.07180,3.48877,,,,1,0,0,0,0,0,1750,250,142,1917,4,1259.98400
AllFleetRetreatPanorama,53,19.14880,16.24150,19.14060,4.15334,,,,1,0,0,0,0,0,1729,271,142,1917,4,1287.98400
AllFleetRetreatPanorama,54,17.55560,13.43540,17.55220,4.10010,,,,1,0,0,0,0,0,1699,301,142,1917,4,1315.98400
AllFleetRetreatPanorama,55,16.05460,16.07660,16.05350,4.23936,,,,1,0,0,0,0,0,1668,332,142,1917,4,1343.98300
AllFleetRetreatPanorama,56,16.88210,19.14400,16.87620,4.20762,,,,1,0,0,0,0,0,1668,332,142,1917,4,1343.98300
AllFleetRetreatPanorama,57,14.83010,17.55600,14.82500,4.22605,,,,1,0,0,0,0,0,1645,355,142,1917,4,1371.98300
AllFleetRetreatPanorama,58,17.90760,16.05760,17.90370,4.22605,,,,1,0,0,0,0,0,1621,379,142,1917,4,1399.98300
AllFleetRetreatPanorama,59,19.61010,16.88140,19.60240,3.59526,,,,1,0,0,0,0,0,1598,402,142,1917,4,1427.98300
AllFleetRetreatPanorama,60,19.88300,14.82940,19.87980,4.23014,,,,1,0,0,0,0,0,1573,427,142,1917,4,1455.98300
AllFleetRetreatPanorama,61,18.29520,17.91020,18.29100,4.21376,,,,1,0,0,0,0,0,1547,453,142,1917,4,1483.98300
AllFleetRetreatPanorama,62,19.56630,19.60650,19.56250,4.18099,,,,1,0,0,0,0,0,1524,476,142,1917,4,1511.98300
AllFleetRetreatPanorama,63,22.41720,19.88340,22.41040,3.54816,,,,1,0,0,0,0,0,1497,503,142,1917,4,1539.98300
AllFleetRetreatPanorama,64,20.05680,18.29540,20.05190,3.55533,,,,1,0,0,0,0,0,1477,523,142,1917,4,1567.98300
AllFleetRetreatPanorama,65,19.38000,19.56900,19.37560,4.22810,,,,1,0,0,0,0,0,1453,547,142,1917,4,1595.98300
AllFleetRetreatPanorama,66,17.49890,22.41510,17.49200,4.22810,,,,1,0,0,0,0,0,1419,581,142,1917,4,1623.98300
AllFleetRetreatPanorama,67,18.16170,20.05710,18.15660,4.31616,,,,1,0,0,0,0,0,1394,606,142,1917,4,1651.98300
AllFleetRetreatPanorama,68,16.99830,19.38190,16.98940,4.56704,,,,1,0,0,0,0,0,1362,638,142,1917,4,1679.98300
AllFleetRetreatPanorama,69,17.31850,17.49700,17.31320,4.25779,,,,1,0,0,0,0,0,1346,654,142,1917,4,1707.98300
AllFleetRetreatPanorama,70,17.56000,18.16560,17.55070,4.21274,,,,1,0,0,0,0,0,1346,654,142,1917,4,1707.98300
AllFleetRetreatPanorama,71,14.17850,16.99530,14.16800,4.22093,,,,1,0,0,0,0,0,1319,681,142,1917,4,1735.98300
AllFleetRetreatPanorama,72,13.95350,17.32200,13.95270,4.28544,,,,1,0,0,0,0,0,1295,705,142,1917,4,1763.98300
AllFleetRetreatPanorama,73,17.14840,17.56070,17.13880,3.48570,,,,1,0,0,0,0,0,1269,731,142,1917,4,1791.98300
AllFleetRetreatPanorama,74,15.34820,14.17180,15.33720,3.48570,,,,1,0,0,0,0,0,1269,731,142,1917,4,1791.98300
AllFleetRetreatPanorama,75,13.03500,13.96090,13.02950,3.49491,,,,1,0,0,0,0,0,1244,756,142,1917,4,1819.98300
AllFleetRetreatPanorama,76,14.76460,17.14900,14.75420,3.48467,,,,1,0,0,0,0,0,1211,789,142,1917,4,1847.98300
AllFleetRetreatPanorama,77,16.03740,15.34350,16.03710,3.57171,,,,1,0,0,0,0,0,1184,816,142,1917,4,1875.98300
AllFleetRetreatPanorama,78,17.49050,13.03820,17.48510,3.57171,,,,1,0,0,0,0,0,1184,816,142,1917,4,1875.98300
AllFleetRetreatPanorama,79,13.11500,14.75800,13.10690,4.25779,,,,1,0,0,0,0,0,1160,840,142,1917,4,1903.98300
AllFleetRetreatPanorama,80,19.19240,16.04300,19.18670,4.25779,,,,1,0,0,0,0,0,1127,873,142,1917,4,1931.98300
AllFleetRetreatPanorama,81,18.24880,17.49070,18.24660,3.47853,,,,1,0,0,0,0,0,1103,897,142,1917,4,1959.98300
AllFleetRetreatPanorama,82,16.65840,13.11240,16.65160,4.30182,,,,1,0,0,0,0,0,1075,925,142,1917,4,1987.98300
AllFleetRetreatPanorama,83,15.34960,19.19070,15.34360,4.33562,,,,1,0,0,0,0,0,1044,956,142,1917,4,2015.98300
AllFleetRetreatPanorama,84,17.19820,18.25110,17.19180,4.33562,,,,1,0,0,0,0,0,1044,956,142,1917,4,2015.98300
AllFleetRetreatPanorama,85,12.71540,16.65900,12.70610,3.65466,,,,1,0,0,0,0,0,1015,985,142,1917,4,2043.98300
AllFleetRetreatPanorama,86,18.49580,15.35240,18.48940,3.65466,,,,1,0,0,0,0,0,994,1006,142,1917,4,2071.98300
AllFleetRetreatPanorama,87,17.69270,17.19880,17.89580,4.25882,,,,1,0,0,0,0,0,968,1032,142,1917,4,2099.98300
AllFleetRetreatPanorama,88,17.92850,12.71170,17.81340,4.22707,,,,1,0,0,0,0,0,937,1063,142,1917,4,2127.98300
AllFleetRetreatPanorama,89,15.85031,18.49360,15.99590,4.21990,,,,1,0,0,0,0,0,909,1091,142,1917,4,2155.98300
AllFleetRetreatPanorama,90,16.02730,17.89820,15.90610,4.22400,,,,1,0,0,0,0,0,909,1091,142,1917,4,2155.98300
AllFleetRetreatPanorama,91,12.28460,17.81580,12.70980,4.25370,,,,1,0,0,0,0,0,886,1114,142,1917,4,2183.98300
AllFleetRetreatPanorama,92,16.44680,16.00030,16.45420,4.23526,,,,1,0,0,0,0,0,856,1144,142,1917,4,2211.98300
AllFleetRetreatPanorama,93,16.28120,15.90900,15.81070,4.24038,,,,1,0,0,0,0,0,828,1172,142,1917,4,2239.98300
AllFleetRetreatPanorama,94,16.98030,12.71340,17.14000,4.22093,,,,1,0,0,0,0,0,791,1209,142,1917,4,2267.98300
AllFleetRetreatPanorama,95,18.84900,16.45720,18.63710,4.23629,,,,1,0,0,0,0,0,791,1209,142,1917,4,2267.98300
AllFleetRetreatPanorama,96,14.74190,15.81330,14.74920,3.83898,,,,1,0,0,0,0,0,772,1228,142,1917,4,2295.98300
AllFleetRetreatPanorama,97,21.40760,17.14210,21.37710,3.83898,,,,1,0,0,0,0,0,746,1254,142,1917,4,2323.98300
AllFleetRetreatPanorama,98,23.13710,18.64040,23.12660,4.37043,,,,1,0,0,0,0,0,723,1277,142,1917,4,2351.98200
AllFleetRetreatPanorama,99,18.33910,14.75750,18.33680,3.80314,,,,1,0,0,0,0,0,692,1308,142,1917,4,2379.98300
AllFleetRetreatPanorama,100,19.06960,21.38320,19.05130,3.80314,,,,1,0,0,0,0,0,672,1328,142,1917,4,2407.98300
AllFleetRetreatPanorama,101,15.41250,23.13550,15.51350,4.31923,,,,1,0,0,0,0,0,647,1353,142,1917,4,2435.98200
AllFleetRetreatPanorama,102,18.23600,18.34020,18.13190,4.31923,,,,1,0,0,0,0,0,626,1374,142,1917,4,2463.98300
AllFleetRetreatPanorama,103,17.01930,19.05460,17.02300,4.51789,,,,1,0,0,0,0,0,600,1400,142,1917,4,2491.98200
AllFleetRetreatPanorama,104,18.95740,15.51780,18.93730,4.51789,,,,1,0,0,0,0,0,577,1423,142,1917,4,2519.98200
AllFleetRetreatPanorama,105,18.93570,18.13680,18.93100,4.42470,,,,1,0,0,0,0,0,552,1448,142,1917,4,2547.98200
AllFleetRetreatPanorama,106,19.64730,17.02820,19.64870,4.42470,,,,1,0,0,0,0,0,521,1479,142,1918,4,2575.98200
AllFleetRetreatPanorama,107,19.20580,18.94210,19.20330,4.30080,,,,1,0,0,0,0,0,497,1503,142,1918,4,2603.98200
AllFleetRetreatPanorama,108,18.88250,18.93280,18.95010,3.77344,,,,1,0,0,0,0,0,475,1525,142,1918,4,2631.98200
AllFleetRetreatPanorama,109,22.88100,19.65280,22.80310,3.77344,,,,1,0,0,0,0,0,448,1552,142,1918,4,2659.98200
AllFleetRetreatPanorama,110,18.31280,19.20500,18.31200,4.43904,,,,1,0,0,0,0,0,420,1580,142,1918,4,2687.98200
AllFleetRetreatPanorama,111,17.60120,18.95610,17.60450,3.67923,,,,1,0,0,0,0,0,395,1605,142,1918,4,2715.98200
AllFleetRetreatPanorama,112,18.55190,22.80690,18.57090,3.67923,,,,1,0,0,0,0,0,395,1605,142,1919,4,2715.98200
AllFleetRetreatPanorama,113,15.92550,18.31600,16.10740,4.52198,,,,1,0,0,0,0,0,367,1633,142,1919,4,2743.98200
AllFleetRetreatPanorama,114,16.26040,17.60620,16.18910,3.86560,,,,1,0,0,0,0,0,337,1663,142,1919,4,2771.98200
AllFleetRetreatPanorama,115,16.37890,18.57880,16.25540,3.86560,,,,1,0,0,0,0,0,302,1698,142,1919,4,2799.98200
AllFleetRetreatPanorama,116,18.14200,16.11230,18.09300,4.34483,,,,1,0,0,0,0,0,271,1729,142,1919,4,2827.98200
AllFleetRetreatPanorama,117,18.17190,16.19450,18.20760,4.34483,,,,1,0,0,0,0,0,240,1760,142,1919,4,2855.98200
AllFleetRetreatPanorama,118,16.94160,16.26670,16.99470,4.33050,,,,1,0,0,0,0,0,218,1782,142,1919,4,2883.98200
AllFleetRetreatPanorama,119,16.89160,18.09750,16.77690,4.33050,,,,1,0,0,0,0,0,218,1782,142,1919,4,2883.98200
AllFleetRetreatPanorama,120,11.28160,18.22330,11.34330,4.36019,,,,1,0,0,0,0,0,188,1812,142,1919,4,2911.98200
AllFleetRetreatPanorama,121,16.70810,16.99830,16.75230,4.33050,,,,1,0,0,0,0,0,159,1841,142,1919,4,2939.98200
AllFleetRetreatPanorama,122,17.14720,16.78040,17.04820,4.33562,,,,1,0,0,0,0,0,140,1860,142,1919,4,2967.98200
AllFleetRetreatPanorama,123,15.06190,11.34650,15.08640,4.33050,,,,1,0,0,0,0,0,140,1860,142,1919,4,2967.98200
AllFleetRetreatPanorama,124,12.64220,16.75560,12.70250,3.61165,,,,1,0,0,0,0,0,118,1882,142,1919,4,2995.98200
AllFleetRetreatPanorama,125,16.94780,17.04970,16.84280,3.61165,,,,1,0,0,0,0,0,94,1906,142,1919,4,3023.98200
AllFleetRetreatPanorama,126,15.48240,15.08990,15.49170,4.30490,,,,1,0,0,0,0,0,62,1938,142,1919,4,3051.98200
AllFleetRetreatPanorama,127,16.13450,12.70470,16.12630,4.33562,,,,1,0,0,0,0,0,62,1938,142,1919,4,3051.98200
AllFleetRetreatPanorama,128,12.53220,16.84580,12.73280,3.61062,,,,1,0,0,0,0,0,40,1960,142,1919,4,3079.98200
AllFleetRetreatPanorama,129,16.38460,15.49450,16.31720,4.50048,,,,1,0,0,0,0,0,0,2000,142,1919,4,3107.98200
AllFleetRetreatPanorama,130,16.91630,16.12910,16.94700,4.29875,,,,1,0,0,0,0,0,0,2000,142,1919,4,3135.98200
AllFleetRetreatPanorama,131,15.88560,12.73710,15.82950,4.35507,,,,1,0,0,0,0,0,0,2000,142,1919,4,3163.98200
AllFleetRetreatPanorama,132,15.67050,16.31940,15.69350,4.38886,,,,1,0,0,0,0,0,0,2000,142,1919,4,3163.98200
AllFleetRetreatPanorama,133,11.07970,16.95040,10.99920,4.42675,,,,1,0,0,0,0,0,0,2000,142,1919,4,3191.98200
AllFleetRetreatPanorama,134,14.96710,15.83360,15.00080,4.34176,,,,1,0,0,0,0,0,0,2000,142,1920,4,3219.98200
AllFleetRetreatPanorama,135,15.18120,15.69560,15.52360,4.30182,,,,1,0,0,0,0,0,0,2000,142,1920,4,3219.98200
AllFleetRetreatPanorama,136,11.53350,11.00270,11.23920,4.41651,,,,1,0,0,0,0,0,0,2000,142,1920,4,3247.98200
AllFleetRetreatPanorama,137,14.90380,15.00450,14.89080,4.38477,,,,1,0,0,0,0,0,0,2000,142,1920,4,3275.98100
AllFleetRetreatPanorama,138,15.05810,15.52660,15.03190,4.30285,,,,1,0,0,0,0,0,0,2000,142,1920,4,3275.98100
AllFleetRetreatPanorama,139,11.14000,11.24350,11.02230,3.64237,,,,1,0,0,0,0,0,0,2000,142,1920,4,3303.98200
AllFleetRetreatPanorama,140,15.01000,14.89450,15.09400,4.42778,,,,1,0,0,0,0,0,0,2000,142,1920,4,3331.98200
AllFleetRetreatPanorama,141,15.87630,15.03580,15.89560,4.39910,,,,1,0,0,0,0,0,0,2000,142,1920,4,3359.98100
AllFleetRetreatPanorama,142,14.29580,11.02510,14.21990,4.31718,,,,1,0,0,0,0,0,0,2000,142,1920,4,3359.98100
AllFleetRetreatPanorama,143,11.02630,15.09770,11.25650,4.33152,,,,1,0,0,0,0,0,0,2000,142,1920,4,3387.98100
AllFleetRetreatPanorama,144,14.75700,15.89820,14.67640,4.36224,,,,1,0,0,0,0,0,0,2000,142,1920,4,3415.98100
AllFleetRetreatPanorama,145,14.72110,14.22390,15.00460,4.44211,,,,1,0,0,0,0,0,0,2000,142,1920,4,3415.98100
AllFleetRetreatPanorama,146,12.96460,11.25990,12.56930,3.59424,,,,1,0,0,0,0,0,0,2000,142,1920,4,3443.98100
AllFleetRetreatPanorama,147,14.01580,14.67830,14.10710,4.37965,,,,1,0,0,0,0,0,0,2000,142,1920,4,3471.98100
AllFleetRetreatPanorama,148,14.91500,15.00750,14.82020,4.42778,,,,1,0,0,0,0,0,0,2000,142,1920,4,3471.98100
AllFleetRetreatPanorama,149,11.81100,12.57250,11.76120,4.36941,,,,1,0,0,0,0,0,0,2000,142,1920,4,3499.98100
AllFleetRetreatPanorama,150,16.68460,14.11010,16.80700,4.33050,,,,1,0,0,0,0,0,0,2000,142,1920,4,3527.98100
AllFleetRetreatPanorama,151,17.92540,14.82640,17.73700,3.60858,,,,1,0,0,0,0,0,0,2000,142,1920,4,3555.98100
AllFleetRetreatPanorama,152,16.46860,11.76920,16.56440,3.77344,,,,1,0,0,0,0,0,0,2000,142,1920,4,3583.98100
AllFleetRetreatPanorama,153,14.84120,16.80880,14.80880,3.77344,,,,1,0,0,0,0,0,0,2000,142,1920,4,3583.98100
AllFleetRetreatPanorama,154,12.59620,17.73900,12.52080,4.45542,,,,1,0,0,0,0,0,0,2000,142,1920,4,3611.98100
AllFleetRetreatPanorama,155,14.32180,16.56820,14.30880,3.65773,,,,1,0,0,0,0,0,0,2000,142,1920,4,3639.98100
AllFleetRetreatPanorama,156,15.78220,14.81790,15.76160,4.35098,,,,1,0,0,0,0,0,0,2000,142,1920,4,3639.98100
AllFleetRetreatPanorama,157,11.08930,12.52470,11.22700,4.36736,,,,1,0,0,0,0,0,0,2000,142,1920,4,3667.98100
AllFleetRetreatPanorama,158,16.15770,14.31290,16.02290,4.27930,,,,1,0,0,0,0,0,0,2000,142,1920,4,3695.98100
AllFleetRetreatPanorama,159,14.54490,15.76380,14.70200,4.35405,,,,1,0,0,0,0,0,0,2000,142,1920,4,3723.98100
AllFleetRetreatPanorama,160,15.98990,11.23110,16.01980,4.35098,,,,1,0,0,0,0,0,0,2000,142,1920,4,3723.98100
AllFleetRetreatPanorama,161,10.54680,16.02500,10.35040,4.40934,,,,1,0,0,0,0,0,0,2000,142,1920,4,3751.98100
AllFleetRetreatPanorama,162,13.20821,14.70560,13.19180,4.34586,,,,1,0,0,0,0,0,0,2000,142,1920,4,3779.98100
AllFleetRetreatPanorama,163,15.77630,16.02220,15.75920,4.42880,,,,1,0,0,0,0,0,0,2000,142,1920,4,3779.98100
AllFleetRetreatPanorama,164,12.44440,10.35300,12.43880,4.42880,,,,1,0,0,0,0,0,0,2000,142,1920,4,3807.98100
AllFleetRetreatPanorama,165,16.24620,13.19700,16.24420,4.36019,,,,1,0,0,0,0,0,0,2000,142,1920,4,3835.98100
AllFleetRetreatPanorama,166,14.94600,15.76520,14.92470,4.36019,,,,1,0,0,0,0,0,0,2000,142,1920,4,3835.98100
AllFleetRetreatPanorama,167,11.11010,12.44450,11.10110,3.62803,,,,1,0,0,0,0,0,0,2000,142,1920,4,3863.98100
AllFleetRetreatPanorama,168,13.99430,16.26260,13.99160,3.62086,,,,1,0,0,0,0,0,0,2000,142,1920,4,3891.98000
AllFleetRetreatPanorama,169,13.70170,14.93390,13.69650,3.69357,,,,1,0,0,0,0,0,0,2000,142,1920,4,3891.98000
AllFleetRetreatPanorama,170,12.18290,11.10490,12.17770,4.33562,,,,1,0,0,0,0,0,0,2000,142,1920,4,3919.98100
AllFleetRetreatPanorama,171,16.31970,13.99620,16.31170,4.33562,,,,1,0,0,0,0,0,0,2000,142,1920,4,3947.98000
AllFleetRetreatPanorama,172,15.04630,13.70260,15.04630,3.61165,,,,1,0,0,0,0,0,0,2000,142,1920,4,3975.98000
AllFleetRetreatPanorama,173,16.25740,12.18340,16.24310,3.61165,,,,1,0,0,0,0,0,0,2000,142,1920,4,3975.98000
AllFleetRetreatPanorama,174,12.73080,16.31510,12.72760,4.41139,,,,1,0,0,0,0,0,0,2000,142,1920,4,4003.98000
AllFleetRetreatPanorama,175,15.94690,15.05600,15.94620,4.31514,,,,1,0,0,0,0,0,0,2000,142,1920,4,4031.98000
AllFleetRetreatPanorama,176,16.33270,16.24660,16.32060,4.22810,,,,1,0,0,0,0,0,0,2000,142,1920,4,4059.98000
AllFleetRetreatPanorama,177,16.47890,12.73070,16.47700,4.35712,,,,1,0,0,0,0,0,0,2000,142,1920,4,4087.98000
AllFleetRetreatPanorama,178,15.19290,15.95700,15.17650,3.55942,,,,1,0,0,0,0,0,0,2000,142,1919,4,4087.98000
AllFleetRetreatPanorama,179,11.75050,16.32600,11.74170,4.35302,,,,1,0,0,0,0,0,0,2000,142,1919,4,4115.98000
AllFleetRetreatPanorama,180,15.87649,16.49040,15.86920,4.35302,,,,1,0,0,0,0,0,0,2000,142,1919,4,4143.98000
AllFleetRetreatPanorama,181,15.50381,15.18500,15.49990,3.54509,,,,1,0,0,0,0,0,0,2000,142,1919,4,4143.98000
AllFleetRetreatPanorama,182,9.18909,11.74780,9.18600,4.24243,,,,1,0,0,0,0,0,0,2000,142,1919,4,4171.98000
AllFleetRetreatPanorama,183,14.38080,15.87330,14.38090,4.27315,,,,1,0,0,0,0,0,0,2000,142,1919,4,4199.98000
AllFleetRetreatPanorama,184,13.71720,15.50310,13.70850,3.53382,,,,1,0,0,0,0,0,0,2000,142,1919,4,4199.98000
AllFleetRetreatPanorama,185,13.42940,9.18970,13.42790,4.25574,,,,1,0,0,0,0,0,0,2000,142,1919,4,4227.97900
AllFleetRetreatPanorama,186,15.67320,14.38510,15.66660,4.23424,,,,1,0,0,0,0,0,0,2000,142,1919,4,4255.98000
AllFleetRetreatPanorama,187,14.64750,13.71090,14.63970,4.40627,,,,1,0,0,0,0,0,0,2000,142,1919,4,4255.98000
AllFleetRetreatPanorama,188,11.99240,13.43480,11.98890,3.53587,,,,1,0,0,0,0,0,0,2000,142,1919,4,4283.98000
AllFleetRetreatPanorama,189,13.98560,15.67340,13.98110,3.53587,,,,1,0,0,0,0,0,0,2000,142,1919,4,4311.97900
AllFleetRetreatPanorama,190,15.02700,14.64520,15.01990,4.27622,,,,1,0,0,0,0,0,0,2000,142,1919,4,4339.97900
AllFleetRetreatPanorama,191,14.50490,11.99450,14.49540,4.27622,,,,1,0,0,0,0,0,0,2000,142,1919,4,4339.97900
AllFleetRetreatPanorama,192,11.58900,13.98870,11.58340,3.55123,,,,1,0,0,0,0,0,0,2000,142,1919,4,4367.97900
AllFleetRetreatPanorama,193,17.06390,15.02610,17.06050,4.25370,,,,1,0,0,0,0,0,0,2000,142,1919,4,4395.97900
AllFleetRetreatPanorama,194,12.97950,14.50170,12.97200,4.27725,,,,1,0,0,0,0,0,0,2000,142,1919,4,4395.97900
AllFleetRetreatPanorama,195,11.78970,11.58820,11.77770,4.26598,,,,1,0,0,0,0,0,0,2000,142,1919,4,4423.97900
AllFleetRetreatPanorama,196,15.49210,17.06950,15.48690,4.25779,,,,1,0,0,0,0,0,0,2000,142,1919,4,4451.97900
AllFleetRetreatPanorama,197,14.02560,12.98220,14.00970,4.25779,,,,1,0,0,0,0,0,0,2000,142,1919,4,4451.97900
AllFleetRetreatPanorama,198,10.65920,11.78180,10.64900,3.52256,,,,1,0,0,0,0,0,0,2000,142,1919,4,4479.97900
AllFleetRetreatPanorama,199,14.57080,15.50410,14.56740,3.52256,,,,1,0,0,0,0,0,0,2000,142,1919,4,4507.97900
AllFleetRetreatPanorama,200,15.37380,14.01740,15.36740,4.21069,,,,1,0,0,0,0,0,0,2000,142,1919,4,4507.97900
AllFleetRetreatPanorama,201,10.39550,10.65280,10.38660,4.23219,,,,1,0,0,0,0,0,0,2000,142,1919,4,4535.97900
AllFleetRetreatPanorama,202,14.63990,14.57560,14.63330,3.53075,,,,1,0,0,0,0,0,0,2000,142,1919,4,4563.97900
AllFleetRetreatPanorama,203,13.90200,15.37700,13.89610,3.53075,,,,1,0,0,0,0,0,0,2000,142,1919,4,4563.97900
AllFleetRetreatPanorama,204,10.48180,10.39290,10.47200,3.50003,,,,1,0,0,0,0,0,0,2000,142,1919,4,4591.97900
AllFleetRetreatPanorama,205,13.71020,14.63960,13.70280,4.16051,,,,1,0,0,0,0,0,0,2000,142,1919,4,4619.97900
AllFleetRetreatPanorama,206,16.23200,13.90340,16.22670,4.13286,,,,1,0,0,0,0,0,0,2000,142,1919,4,4619.97900
AllFleetRetreatPanorama,207,13.60360,10.47960,13.59780,4.18406,,,,1,0,0,0,0,0,0,2000,142,1919,4,4647.97800
AllFleetRetreatPanorama,208,15.25290,13.71100,15.24980,4.18406,,,,1,0,0,0,0,0,0,2000,142,1919,4,4675.97800
AllFleetRetreatPanorama,209,13.26530,16.23000,13.26130,4.22605,,,,1,0,0,0,0,0,0,2000,142,1919,4,4675.97800
AllFleetRetreatPanorama,210,11.20610,13.60120,11.18910,4.13594,,,,1,0,0,0,0,0,0,2000,142,1919,4,4703.97800
AllFleetRetreatPanorama,211,13.88540,15.25650,13.87860,4.13594,,,,1,0,0,0,0,0,0,2000,142,1919,4,4731.97800
AllFleetRetreatPanorama,212,13.38420,13.27660,13.38120,4.13594,,,,1,0,0,0,0,0,0,2000,142,1919,4,4731.97800
AllFleetRetreatPanorama,213,12.43640,11.19480,12.43100,4.15539,,,,1,0,0,0,0,0,0,2000,142,1919,4,4759.97800
AllFleetRetreatPanorama,214,15.45750,13.88450,15.44430,4.18509,,,,1,0,0,0,0,0,0,2000,142,1919,4,4787.97800
AllFleetRetreatPanorama,215,14.74640,13.38750,14.73920,4.13184,,,,1,0,0,0,0,0,0,2000,142,1919,4,4815.97800
AllFleetRetreatPanorama,216,14.33580,12.43960,14.32810,4.13184,,,,1,0,0,0,0,0,0,2000,142,1919,4,4815.97800
AllFleetRetreatPanorama,217,9.93321,15.45180,9.92710,4.12672,,,,1,0,0,0,0,0,0,2000,142,1919,4,4843.97800
AllFleetRetreatPanorama,218,14.94930,14.74650,14.94790,4.14413,,,,1,0,0,0,0,0,0,2000,142,1919,4,4871.97700
AllFleetRetreatPanorama,219,14.04220,14.33580,14.02720,4.14515,,,,1,0,0,0,0,0,0,2000,142,1919,4,4871.97700
AllFleetRetreatPanorama,220,10.89230,9.93400,10.88310,4.14515,,,,1,0,0,0,0,0,0,2000,142,1919,4,4899.97700
AllFleetRetreatPanorama,221,14.23771,14.95930,14.22780,4.14515,,,,1,0,0,0,0,0,0,2000,142,1919,4,4899.97700
AllFleetRetreatPanorama,222,12.62320,14.03400,12.61910,4.15130,,,,1,0,0,0,0,0,0,2000,142,1919,4,4927.97700
AllFleetRetreatPanorama,223,14.30270,10.89230,14.29870,4.13389,,,,1,0,0,0,0,0,0,2000,142,1919,4,4955.97700
AllFleetRetreatPanorama,224,13.89619,14.23220,13.88540,4.15949,,,,1,0,0,0,0,0,0,2000,142,1919,4,4983.97700
AllFleetRetreatPanorama,225,13.16850,12.62570,13.17010,4.16666,,,,1,0,0,0,0,0,0,2000,142,1919,4,4983.97700
AllFleetRetreatPanorama,226,13.31410,14.30640,13.30140,4.14720,,,,1,0,0,0,0,0,0,2000,142,1919,4,5011.97700
AllFleetRetreatPanorama,227,14.10160,13.88880,14.09730,4.17178,,,,1,0,0,0,0,0,0,2000,142,1919,4,5039.97700
AllFleetRetreatPanorama,228,15.36440,13.17850,15.35750,4.20659,,,,1,0,0,0,0,0,0,2000,142,1919,4,5039.97700
AllFleetRetreatPanorama,229,12.10070,13.30610,12.08950,4.13901,,,,1,0,0,0,0,0,0,2000,142,1919,4,5067.97700
AllFleetRetreatPanorama,230,14.68819,14.10620,14.68030,4.14618,,,,1,0,0,0,0,0,0,2000,142,1919,4,5095.97600
AllFleetRetreatPanorama,231,14.12400,15.36710,14.11290,4.16768,,,,1,0,0,0,0,0,0,2000,142,1919,4,5095.97600
AllFleetRetreatPanorama,232,11.00950,12.09800,11.00350,4.15744,,,,1,0,0,0,0,0,0,2000,142,1919,4,5123.97600
AllFleetRetreatPanorama,233,13.32470,14.69030,13.31150,4.19635,,,,1,0,0,0,0,0,0,2000,142,1919,4,5151.97600
AllFleetRetreatPanorama,234,14.22410,14.12170,14.21590,4.15130,,,,1,0,0,0,0,0,0,2000,142,1919,4,5151.97600
AllFleetRetreatPanorama,235,10.58790,11.01530,10.59280,4.15744,,,,1,0,0,0,0,0,0,2000,142,1919,4,5179.97600
AllFleetRetreatPanorama,236,13.24850,13.31960,13.23290,4.15744,,,,1,0,0,0,0,0,0,2000,142,1919,4,5179.97600
AllFleetRetreatPanorama,237,11.66960,14.22050,11.66400,4.20250,,,,1,0,0,0,0,0,0,2000,142,1919,4,5207.97600
AllFleetRetreatPanorama,238,18.68260,10.59660,18.67490,4.20864,,,,1,0,0,0,0,0,0,2000,142,1919,4,5235.97600
AllFleetRetreatPanorama,239,16.61140,13.24150,16.60670,4.16256,,,,1,0,0,0,0,0,0,2000,142,1919,4,5263.97600
AllFleetRetreatPanorama,240,13.25900,11.67050,13.24420,4.16256,,,,1,0,0,0,0,0,0,2000,142,1919,4,5263.97600
AllFleetRetreatPanorama,241,10.97190,18.68070,10.96910,4.15130,,,,1,0,0,0,0,0,0,2000,142,1919,4,5291.97600
AllFleetRetreatPanorama,242,16.26980,16.61890,16.26460,4.13184,,,,1,0,0,0,0,0,0,2000,142,1919,4,5319.97600
AllFleetRetreatPanorama,243,15.04470,13.24760,15.04040,4.13184,,,,1,0,0,0,0,0,0,2000,142,1919,4,5347.97600
AllFleetRetreatPanorama,244,14.03900,10.97350,14.03980,4.36224,,,,1,0,0,0,0,0,0,2000,142,1919,4,5347.97600
AllFleetRetreatPanorama,245,11.86660,16.26850,11.85420,4.16256,,,,1,0,0,0,0,0,0,2000,142,1919,4,5375.97600
AllFleetRetreatPanorama,246,14.91220,15.04390,14.89780,4.15232,,,,1,0,0,0,0,0,0,2000,142,1919,4,5403.97600
AllFleetRetreatPanorama,247,14.60360,14.05130,14.59700,4.15232,,,,1,0,0,0,0,0,0,2000,142,1919,4,5403.97600
AllFleetRetreatPanorama,248,10.45360,11.86570,10.44980,4.16666,,,,1,0,0,0,0,0,0,2000,142,1919,4,5431.97600
AllFleetRetreatPanorama,249,14.90790,14.90430,14.90640,4.17382,,,,1,0,0,0,0,0,0,2000,142,1919,4,5459.97600
AllFleetRetreatPanorama,250,13.69370,14.60110,13.68470,4.15334,,,,1,0,0,0,0,0,0,2000,142,1919,4,5459.97600
AllFleetRetreatPanorama,251,12.17040,10.45350,12.16260,4.14106,,,,1,0,0,0,0,0,0,2000,142,1919,4,5487.97600
AllFleetRetreatPanorama,252,17.74310,14.91490,17.73800,3.46112,,,,1,0,0,0,0,0,0,2000,142,1919,4,5515.97600
AllFleetRetreatPanorama,253,15.94360,13.69060,15.94190,4.16461,,,,1,0,0,0,0,0,0,2000,142,1919,4,5543.96500
AllFleetRetreatPanorama,254,15.48260,12.16750,15.47030,3.44474,,,,1,0,0,0,0,0,0,2000,142,1919,4,5543.96500
AllFleetRetreatPanorama,255,14.27180,17.74370,14.26800,4.27213,,,,1,0,0,0,0,0,0,2000,142,1919,4,5571.96500
AllFleetRetreatPanorama,256,17.69910,15.95140,17.68450,4.19226,,,,1,0,0,0,0,0,0,2000,142,1919,4,5599.96500
AllFleetRetreatPanorama,257,16.95110,15.47670,16.94670,3.49389,,,,1,0,0,0,0,0,0,2000,142,1919,4,5627.96500
AllFleetRetreatPanorama,258,16.39581,14.27970,16.38980,4.21683,,,,1,0,0,0,0,0,0,2000,142,1919,4,5655.96500
AllFleetRetreatPanorama,259,17.52460,17.68860,17.52000,4.21683,,,,1,0,0,0,0,0,0,2000,142,1919,4,5683.96500
AllFleetRetreatPanorama,260,17.63790,16.95210,17.63560,4.21069,,,,1,0,0,0,0,0,0,2000,142,1919,4,5683.96500
AllFleetRetreatPanorama,261,13.71630,16.39570,13.70280,4.34381,,,,1,0,0,0,0,0,0,2000,142,1919,4,5711.96500
AllFleetRetreatPanorama,262,16.22720,17.52550,16.22740,4.16154,,,,1,0,0,0,0,0,0,2000,142,1919,4,5739.96500
AllFleetRetreatPanorama,263,18.83700,17.64550,18.82170,4.16154,,,,1,0,0,0,0,0,0,2000,142,1919,4,5767.96400
AllFleetRetreatPanorama,264,18.05200,13.70590,18.04580,4.20966,,,,1,0,0,0,0,0,0,2000,142,1919,4,5795.96400
AllFleetRetreatPanorama,265,17.31840,16.23920,17.31440,4.25779,,,,1,0,0,0,0,0,0,2000,142,1919,4,5823.96400
AllFleetRetreatPanorama,266,15.95110,18.82710,15.94620,4.24858,,,,1,0,0,0,0,0,0,2000,142,1919,4,5823.96400
AllFleetRetreatPanorama,267,12.47630,18.04980,12.47220,4.29875,,,,1,0,0,0,0,0,0,2000,142,1919,4,5851.96400
AllFleetRetreatPanorama,268,16.92110,17.31920,16.91830,4.20147,,,,1,0,0,0,0,0,0,2000,142,1919,4,5879.96400
AllFleetRetreatPanorama,269,16.84780,15.95020,16.84370,3.48774,,,,1,0,0,0,0,0,0,2000,142,1919,4,5907.96300
AllFleetRetreatPanorama,270,16.57930,12.47560,16.57780,3.51130,,,,1,0,0,0,0,0,0,2000,142,1919,4,5935.96300
AllFleetRetreatPanorama,271,16.52590,16.92170,16.51510,3.51130,,,,1,0,0,0,0,0,0,2000,142,1919,4,5935.96300
AllFleetRetreatPanorama,272,12.69260,16.84780,12.68160,4.26496,,,,1,0,0,0,0,0,0,2000,142,1919,4,5963.96300
AllFleetRetreatPanorama,273,15.55510,16.58870,15.54610,4.16563,,,,1,0,0,0,0,0,0,2000,142,1919,4,5991.96300
AllFleetRetreatPanorama,274,15.21540,16.52400,15.21480,4.44723,,,,1,0,0,0,0,0,0,2000,142,1919,4,6019.96300
AllFleetRetreatPanorama,275,16.42410,12.69030,16.41200,4.18406,,,,1,0,0,0,0,0,0,2000,142,1919,4,6019.96300
AllFleetRetreatPanorama,276,13.06200,15.54960,13.17350,4.17280,,,,1,0,0,0,0,0,0,2000,142,1919,4,6047.96300
AllFleetRetreatPanorama,277,16.82081,15.22450,16.93230,3.50208,,,,1,0,0,0,0,0,0,2000,142,1919,4,6075.96300
AllFleetRetreatPanorama,278,18.04920,16.41590,17.95810,4.16768,,,,1,0,0,0,0,0,0,2000,142,1919,4,6103.96300
AllFleetRetreatPanorama,279,17.00400,13.17500,17.43610,4.38170,,,,1,0,0,0,0,0,0,2000,142,1919,4,6131.96300
AllFleetRetreatPanorama,280,15.25810,16.93450,15.76710,4.20147,,,,1,0,0,0,0,0,0,2000,142,1919,4,6131.96300
AllFleetRetreatPanorama,281,12.95500,17.96010,12.03630,3.46726,,,,1,0,0,0,0,0,0,2000,142,1919,4,6159.96300
AllFleetRetreatPanorama,282,15.14410,17.43960,15.07630,4.24960,,,,1,0,0,0,0,0,0,2000,142,1919,4,6187.96300
AllFleetRetreatPanorama,283,14.24510,15.77370,14.36880,4.30490,,,,1,0,0,0,0,0,0,2000,142,1919,4,6215.96400
AllFleetRetreatPanorama,284,14.66260,12.04090,14.45970,4.30490,,,,1,0,0,0,0,0,0,2000,142,1919,4,6215.96400
AllFleetRetreatPanorama,285,12.31190,15.07870,12.29840,4.16051,,,,1,0,0,0,0,0,0,2000,142,1919,4,6243.96400
AllFleetRetreatPanorama,286,13.79000,14.37080,13.78650,3.43654,,,,1,0,0,0,0,0,0,2000,142,1919,4,6271.96400
AllFleetRetreatPanorama,287,13.40930,14.46670,13.41430,3.43654,,,,1,0,0,0,0,0,0,2000,142,1919,4,6271.96400
AllFleetRetreatPanorama,288,12.49160,12.30040,12.50500,3.44166,,,,1,0,0,0,0,0,0,2000,142,1919,4,6299.96400
AllFleetRetreatPanorama,289,13.14650,13.78990,13.13970,4.16256,,,,1,0,0,0,0,0,0,2000,142,1919,4,6327.96400
AllFleetRetreatPanorama,290,13.19150,13.42140,13.31430,4.14515,,,,1,0,0,0,0,0,0,2000,142,1919,4,6327.96400
AllFleetRetreatPanorama,291,14.10940,12.50800,13.95480,3.50310,,,,1,0,0,0,0,0,0,2000,142,1919,4,6355.96500
AllFleetRetreatPanorama,292,17.85380,13.14370,17.85020,3.50310,,,,1,0,0,0,0,0,0,2000,142,1919,4,6383.96500
AllFleetRetreatPanorama,293,16.99920,13.31850,17.00030,4.41139,,,,1,0,0,0,0,0,0,2000,142,1919,4,6411.96500
AllFleetRetreatPanorama,294,18.36701,13.95710,18.40150,4.41139,,,,1,0,0,0,0,0,0,2000,142,1919,4,6439.96400
AllFleetRetreatPanorama,295,18.86790,17.85560,18.84260,4.23117,,,,1,0,0,0,0,0,0,2000,142,1919,4,6439.96400
AllFleetRetreatPanorama,296,19.26880,17.00230,19.27420,4.45952,,,,1,0,0,0,0,0,0,2000,142,1919,4,6467.96400
AllFleetRetreatPanorama,297,22.58150,18.41450,22.59180,4.48819,,,,1,0,0,0,0,0,0,2000,142,1919,4,6523.96400
AllFleetRetreatPanorama,298,30.72090,18.84830,30.66270,4.29670,,,,1,0,0,0,0,0,0,2000,142,1919,4,6551.96400
AllFleetRetreatPanorama,299,21.32450,19.28450,21.30560,4.44518,,,,1,0,0,0,0,0,0,2000,142,1919,4,6579.96400
AllFleetRetreatPanorama,300,17.43650,22.60080,17.43600,4.44518,,,,1,0,0,0,0,0,0,2000,142,1919,4,6607.96300
AllFleetRetreatPanorama,301,18.92700,30.66550,18.91880,4.24448,,,,1,0,0,0,0,0,0,2000,142,1918,4,6635.96300
AllFleetRetreatPanorama,302,21.36300,21.30730,21.38000,4.24448,,,,1,0,0,0,0,0,0,2000,142,1918,4,6663.96300
AllFleetRetreatPanorama,303,21.14411,17.44080,21.15270,4.24960,,,,1,0,0,0,0,0,0,2000,142,1918,4,6691.96300
AllFleetRetreatPanorama,304,15.27120,18.92070,15.26180,3.56864,,,,1,0,0,0,0,0,0,2000,142,1918,4,6719.96200
AllFleetRetreatPanorama,305,17.15339,21.38480,17.12640,4.19021,,,,1,0,0,0,0,0,0,2000,142,1918,4,6747.96200
AllFleetRetreatPanorama,306,16.67540,21.15450,16.70560,3.47238,,,,1,0,0,0,0,0,0,2000,142,1917,4,6775.96200
AllFleetRetreatPanorama,307,15.68350,15.26620,15.77680,4.17178,,,,1,0,0,0,0,0,0,2000,142,1917,4,6775.96200
AllFleetRetreatPanorama,308,13.24260,17.12840,13.12940,4.18918,,,,1,0,0,0,0,0,0,2000,142,1917,4,6803.96200
AllFleetRetreatPanorama,309,16.23920,16.71250,16.23720,4.40218,,,,1,0,0,0,0,0,0,2000,142,1917,4,6831.96200
AllFleetRetreatPanorama,310,16.06980,15.78620,16.09250,4.21478,,,,1,0,0,0,0,0,0,2000,142,1917,4,6859.96200
AllFleetRetreatPanorama,311,15.21800,13.13260,15.19490,4.13901,,,,1,0,0,0,0,0,0,2000,142,1917,4,6859.96200
AllFleetRetreatPanorama,312,13.19480,16.24130,13.17030,4.21376,,,,1,0,0,0,0,0,0,2000,142,1917,4,6887.96100
AllFleetRetreatPanorama,313,15.16811,16.09450,15.29200,4.16051,,,,1,0,0,0,0,0,0,2000,142,1917,4,6915.96100
AllFleetRetreatPanorama,314,18.00170,15.19920,17.85500,4.17485,,,,1,0,0,0,0,0,0,2000,142,1917,4,6943.96100
AllFleetRetreatPanorama,315,16.81520,13.17750,16.85080,4.15539,,,,1,0,0,0,0,0,0,2000,142,1917,4,6971.86700
AllFleetRetreatPanorama,316,18.94690,15.29710,18.90610,4.16358,,,,1,0,0,0,0,0,0,2000,142,1917,4,6971.86700
AllFleetRetreatPanorama,317,13.23450,17.86160,13.32350,4.14515,,,,1,0,0,0,0,0,0,2000,142,1917,4,6999.86700
AllFleetRetreatPanorama,318,15.94980,16.85290,15.97600,4.15027,,,,1,0,0,0,0,0,0,2000,142,1917,4,7027.86700
AllFleetRetreatPanorama,319,17.19600,18.90900,17.15270,4.14720,,,,1,0,0,0,0,0,0,2000,142,1917,4,7055.86700
AllFleetRetreatPanorama,320,15.31790,13.32620,15.34050,4.18816,,,,1,0,0,0,0,0,0,2000,142,1917,4,7083.86600
AllFleetRetreatPanorama,321,15.45000,15.97860,15.45740,4.38784,,,,1,0,0,0,0,0,0,2000,142,1917,4,7083.86600
AllFleetRetreatPanorama,322,12.98570,17.15460,13.02790,4.35302,,,,1,0,0,0,0,0,0,2000,142,1917,4,7111.86600
AllFleetRetreatPanorama,323,17.14180,15.34320,17.13740,4.34074,,,,1,0,0,0,0,0,0,2000,142,1917,4,7139.86600
AllFleetRetreatPanorama,324,16.59260,15.46170,16.70550,4.42368,,,,1,0,0,0,0,0,0,2000,142,1917,4,7167.86600
AllFleetRetreatPanorama,325,23.46800,13.03230,23.33550,4.36019,,,,1,0,0,0,0,0,0,2000,142,1917,4,7195.86600
AllFleetRetreatPanorama,326,19.00880,17.13930,18.91080,4.33254,,,,1,0,0,0,0,0,0,2000,142,1916,4,7223.86500
AllFleetRetreatPanorama,327,17.54960,16.70710,17.58480,3.72941,,,,1,0,0,0,0,0,0,2000,142,1916,4,7251.86500
AllFleetRetreatPanorama,328,16.57270,23.33800,16.49870,3.66080,,,,1,0,0,0,0,0,0,2000,142,1916,4,7279.86400
AllFleetRetreatPanorama,329,16.09709,18.91320,16.23900,4.35917,,,,1,0,0,0,0,0,0,2000,142,1916,4,7279.86400
AllFleetRetreatPanorama,330,13.62000,17.58680,13.61220,4.40422,,,,1,0,0,0,0,0,0,2000,142,1916,4,7307.86400
AllFleetRetreatPanorama,331,18.40630,16.50260,18.27200,4.34278,,,,1,0,0,0,0,0,0,2000,142,1916,4,7335.51000
AllFleetRetreatPanorama,332,16.06120,16.24320,16.24580,4.28851,,,,1,0,0,0,0,0,0,2000,142,1916,4,7363.39700
AllFleetRetreatPanorama,333,16.68051,13.61380,16.53230,4.34176,,,,1,0,0,0,0,0,0,2000,142,1916,4,7391.39700
AllFleetRetreatPanorama,334,16.20760,18.27380,16.39920,4.45747,,,,1,0,0,0,0,0,0,2000,142,1916,4,7391.39700
AllFleetRetreatPanorama,335,15.49810,16.24760,15.28650,4.41446,,,,1,0,0,0,0,0,0,2000,142,1916,4,7419.39700
AllFleetRetreatPanorama,336,18.47900,16.53410,18.59210,4.37248,,,,1,0,0,0,0,0,0,2000,142,1916,4,7447.39700
AllFleetRetreatPanorama,337,16.15440,16.40340,16.11680,4.38272,,,,1,0,0,0,0,0,0,2000,142,1916,4,7475.39600
AllFleetRetreatPanorama,338,13.97161,15.28930,13.94280,4.48922,,,,1,0,0,0,0,0,0,2000,142,1916,4,7503.39700
AllFleetRetreatPanorama,339,14.08490,18.59410,14.18610,3.69562,,,,1,0,0,0,0,0,0,2000,142,1916,4,7503.39700
AllFleetRetreatPanorama,340,12.29860,16.12090,12.14480,4.37555,,,,1,0,0,0,0,0,0,2000,142,1916,4,7531.39700
AllFleetRetreatPanorama,341,17.30390,13.94960,17.28380,4.34790,,,,1,0,0,0,0,0,0,2000,142,1916,4,7559.33200
AllFleetRetreatPanorama,342,15.88340,14.18720,15.94100,4.42470,,,,1,0,0,0,0,0,0,2000,142,1916,4,7587.33200
AllFleetRetreatPanorama,343,16.42100,12.14850,16.31360,4.39910,,,,1,0,0,0,0,0,0,2000,142,1916,4,7587.33200
AllFleetRetreatPanorama,344,14.56140,17.28640,14.56590,4.40320,,,,1,0,0,0,0,0,0,2000,142,1916,4,7615.33300
AllFleetRetreatPanorama,345,17.19360,15.94480,17.17590,4.40320,,,,1,0,0,0,0,0,0,2000,142,1916,4,7643.33300
AllFleetRetreatPanorama,346,15.01660,16.31810,15.04000,4.40422,,,,1,0,0,0,0,0,0,2000,142,1916,4,7671.33300
AllFleetRetreatPanorama,347,16.95840,14.56820,16.97100,4.39808,,,,1,0,0,0,0,0,0,2000,142,1916,4,7698.38000
AllFleetRetreatPanorama,348,14.80410,17.18180,14.76860,4.40115,,,,1,0,0,0,0,0,0,2000,142,1916,4,7698.38000
AllFleetRetreatPanorama,349,12.10670,15.04270,12.16570,4.55782,,,,1,0,0,0,0,0,0,2000,142,1916,4,7726.37900
AllFleetRetreatPanorama,350,14.46200,16.97420,14.55590,3.64134,,,,1,0,0,0,0,0,0,2000,142,1916,4,7754.37900
AllFleetRetreatPanorama,351,14.19420,14.77180,14.19380,4.34074,,,,1,0,0,0,0,0,0,2000,142,1916,4,7754.37900
AllFleetRetreatPanorama,352,12.38070,12.17040,12.39100,4.48307,,,,1,0,0,0,0,0,0,2000,142,1916,4,7782.37900
AllFleetRetreatPanorama,353,17.62310,14.55840,17.47670,4.33562,,,,1,0,0,0,0,0,0,2000,142,1916,4,7810.37800
AllFleetRetreatPanorama,354,17.50980,14.19710,17.66800,4.37760,,,,1,0,0,0,0,0,0,2000,142,1916,4,7838.37400
AllFleetRetreatPanorama,355,19.26050,12.39650,19.10830,4.36634,,,,1,0,0,0,0,0,0,2000,142,1916,4,7859.23500
AllFleetRetreatPanorama,356,15.49940,17.47830,15.47250,4.47283,,,,1,0,0,0,0,0,0,2000,142,1916,4,7859.23500
AllFleetRetreatPanorama,357,11.12620,17.67410,11.32240,4.36531,,,,1,0,0,0,0,0,0,2000,142,1916,4,7859.23500
AllFleetRetreatPanorama,358,14.21350,19.11210,13.96640,4.34688,,,,1,0,0,0,0,0,0,2000,142,1916,4,7866.84600
AllFleetRetreatPanorama,359,12.89570,15.47430,13.52090,4.35917,,,,1,0,0,0,0,0,0,2000,142,1916,4,7866.84600
AllFleetRetreatPanorama,360,11.67220,11.32540,11.06320,4.38272,,,,1,0,0,0,0,0,0,2000,142,1916,4,7866.84600
AllFleetRetreatPanorama,361,13.84130,13.96930,13.81670,4.39910,,,,1,0,0,0,0,0,0,2000,140,1915,4,7888.82200
AllFleetRetreatPanorama,362,16.23660,13.52730,16.26700,3.61267,,,,1,0,0,0,0,0,0,2000,140,1915,4,7888.82200
AllFleetRetreatPanorama,363,12.39500,11.06590,12.37570,3.78368,,,,1,0,0,0,0,0,0,2000,140,1915,4,7916.75100
AllFleetRetreatPanorama,364,13.58860,13.81900,13.74780,4.37248,,,,1,0,0,0,0,0,0,2000,140,1915,4,7944.68000
AllFleetRetreatPanorama,365,17.46020,16.27280,17.27020,4.37248,,,,1,0,0,0,0,0,0,2000,140,1915,4,7972.61000
AllFleetRetreatPanorama,366,15.21440,12.37860,15.23160,4.40320,,,,1,0,0,0,0,0,0,2000,140,1915,4,7972.61000
AllFleetRetreatPanorama,367,12.57930,13.75550,12.58040,4.37248,,,,1,0,0,0,0,0,0,2000,140,1915,4,7993.03400
AllFleetRetreatPanorama,368,17.15310,17.27450,17.15460,3.64134,,,,1,0,0,0,0,0,0,2000,140,1915,4,7993.03400
AllFleetRetreatPanorama,369,17.50540,15.23440,17.49530,4.37555,,,,1,0,0,0,0,0,0,2000,140,1915,4,7993.03400
AllFleetRetreatPanorama,370,16.97520,12.58210,16.95200,4.44211,,,,1,0,0,0,0,0,0,2000,140,1915,4,7993.03400
AllFleetRetreatPanorama,371,16.96090,17.15950,16.96930,4.38170,,,,1,0,0,0,0,0,0,2000,140,1915,4,7993.03400
AllFleetRetreatPanorama,372,12.77900,17.49830,12.90540,4.42266,,,,1,0,0,0,0,0,0,2000,140,1915,4,7993.03400
AllFleetRetreatPanorama,373,15.65420,16.95390,15.52550,4.41344,,,,1,0,0,0,0,0,0,2000,140,1915,4,7997.24200
AllFleetRetreatPanorama,374,17.99780,16.97130,17.99000,4.41856,,,,1,0,0,0,0,0,0,2000,140,1915,4,7997.24200
AllFleetRetreatPanorama,375,17.09210,12.90740,17.08540,4.41856,,,,1,0,0,0,0,0,0,2000,140,1915,4,7997.24200
AllFleetRetreatPanorama,376,19.59010,15.52820,19.59120,3.74682,,,,1,0,0,0,0,0,0,2000,140,1915,4,7997.24200
AllFleetRetreatPanorama,377,17.81810,17.99150,17.81820,4.54451,,,,1,0,0,0,0,0,0,2000,140,1915,4,7997.24200
AllFleetRetreatPanorama,378,15.78350,17.08900,15.76650,3.72019,,,,1,0,0,0,0,0,0,2000,140,1915,4,7997.24200
AllFleetRetreatPanorama,379,19.13990,19.59580,19.14360,3.71200,,,,1,0,0,0,0,0,0,2000,140,1915,4,7997.24200
AllFleetRetreatPanorama,380,17.34020,17.82240,17.34380,4.42163,,,,1,0,0,0,0,0,0,2000,140,1915,4,7997.24200
AllFleetRetreatPanorama,381,16.96550,15.76800,17.01340,4.44006,,,,1,0,0,0,0,0,0,2000,140,1915,4,7997.24200
AllFleetRetreatPanorama,382,18.97830,19.14580,18.91800,4.45952,,,,1,0,0,0,0,0,0,2000,140,1915,4,7997.24200
AllFleetRetreatPanorama,383,18.93640,17.34690,18.93540,4.49126,,,,1,0,0,0,0,0,0,2000,140,1915,4,7997.24200
AllFleetRetreatPanorama,384,15.72020,17.01640,15.83450,4.46259,,,,1,0,0,0,0,0,0,2000,140,1915,4,7997.24200
AllFleetRetreatPanorama,385,14.38220,18.92000,14.28220,4.50355,,,,1,0,0,0,0,0,0,2000,140,1915,4,7997.24200
AllFleetRetreatPanorama,386,14.90060,18.94230,15.48160,4.43290,,,,1,0,0,0,0,0,0,2000,140,1915,4,7997.24200
AllFleetRetreatPanorama,387,18.66020,15.83860,18.16020,3.68845,,,,1,0,0,0,0,0,0,2000,140,1915,4,7997.24200
AllFleetRetreatPanorama,388,14.49820,14.28880,14.38900,3.82669,,,,1,0,0,0,0,0,0,2000,140,1915,4,7999.87100
AllFleetRetreatPanorama,389,14.87640,15.48420,15.16590,4.42982,,,,1,0,0,0,0,0,0,2000,140,1914,4,7999.87100
AllFleetRetreatPanorama,390,11.11730,18.16580,10.83570,4.40525,,,,1,0,0,0,0,0,0,2000,140,1914,4,7999.87100
AllFleetRetreatPanorama,391,13.64110,14.39200,13.81810,4.41139,,,,1,0,0,0,0,0,0,2000,140,1914,4,7999.87100
AllFleetRetreatPanorama,392,13.60130,15.16950,13.54280,3.73350,,,,1,0,0,0,0,0,0,2000,140,1914,4,7999.87100
AllFleetRetreatPanorama,393,12.99810,10.83840,12.91700,4.41958,,,,1,0,0,0,0,0,0,2000,140,1914,4,7999.87100
AllFleetRetreatPanorama,394,13.80800,13.82480,13.82940,4.44109,,,,1,0,0,0,0,0,0,2000,140,1914,4,7999.87100
AllFleetRetreatPanorama,395,17.06850,13.54800,17.11260,4.45235,,,,1,0,0,0,0,0,0,2000,140,1914,4,7999.87100
AllFleetRetreatPanorama,396,14.78950,12.91860,14.72590,3.67206,,,,1,0,0,0,0,0,0,2000,140,1914,4,7999.87100
AllFleetRetreatPanorama,397,11.11510,13.83190,11.14380,4.41754,,,,1,0,0,0,0,0,0,2000,140,1914,4,7999.87100
AllFleetRetreatPanorama,398,13.43960,17.11450,13.65990,4.39910,,,,1,0,0,0,0,0,0,2000,140,1914,4,7999.87100
AllFleetRetreatPanorama,399,14.40281,14.72950,14.20310,3.69562,,,,1,0,0,0,0,0,0,2000,140,1914,4,7999.87100
AllFleetRetreatPanorama,400,12.21990,11.14800,12.20550,4.38477,,,,1,0,0,0,0,0,0,2000,140,1914,4,7999.87100
AllFleetRetreatPanorama,401,14.74400,13.66280,14.73610,4.39910,,,,1,0,0,0,0,0,0,2000,140,1914,4,7999.87100
AllFleetRetreatPanorama,402,14.64030,14.20680,14.54920,4.38682,,,,1,0,0,0,0,0,0,2000,140,1914,4,7999.87100
AllFleetRetreatPanorama,403,11.56091,12.20860,11.61770,3.76320,,,,1,0,0,0,0,0,0,2000,140,1914,4,7999.87100
AllFleetRetreatPanorama,404,12.91670,14.74040,12.92390,4.40218,,,,1,0,0,0,0,0,0,2000,140,1914,4,7999.87100
AllFleetRetreatPanorama,405,13.26220,14.55250,13.16770,4.38989,,,,1,0,0,0,0,0,0,2000,140,1914,4,7999.87100
AllFleetRetreatPanorama,406,12.73090,11.62250,13.05470,3.65875,,,,1,0,0,0,0,0,0,2000,140,1914,4,7999.87100
AllFleetRetreatPanorama,407,15.82881,12.92580,15.63920,3.64442,,,,1,0,0,0,0,0,0,2000,140,1914,4,7999.87100
AllFleetRetreatPanorama,408,15.39870,13.17040,15.40450,3.70790,,,,1,0,0,0,0,0,0,2000,140,1914,4,7999.87100
AllFleetRetreatPanorama,409,12.81800,13.06120,12.76210,4.42163,,,,1,0,0,0,0,0,0,2000,140,1914,4,7999.87100
AllFleetRetreatPanorama,410,16.61991,15.64160,16.57930,4.39194,,,,1,0,0,0,0,0,0,2000,140,1914,4,7999.87100
AllFleetRetreatPanorama,411,15.92010,15.40710,15.89070,3.64544,,,,1,0,0,0,0,0,0,2000,140,1914,4,7999.87100
AllFleetRetreatPanorama,412,16.43010,12.76570,16.43050,4.38579,,,,1,0,0,0,0,0,0,2000,140,1914,4,7999.87100
AllFleetRetreatPanorama,413,13.48070,16.58100,13.77320,4.53939,,,,1,0,0,0,0,0,0,2000,140,1914,4,7999.87100
AllFleetRetreatPanorama,414,13.82000,15.89450,13.48620,3.64339,,,,1,0,0,0,0,0,0,2000,140,1914,4,7999.87100
AllFleetRetreatPanorama,415,15.43300,16.43310,15.42750,4.41651,,,,1,0,0,0,0,0,0,2000,140,1914,4,7999.87100
AllFleetRetreatPanorama,416,13.18240,13.77750,13.21780,4.44723,,,,1,0,0,0,0,0,0,2000,140,1914,4,7999.87100
AllFleetRetreatPanorama,417,10.48130,13.48840,10.41920,3.67923,,,,1,0,0,0,0,0,0,2000,140,1914,4,7999.87100
AllFleetRetreatPanorama,418,13.24300,15.42950,13.24230,4.41549,,,,1,0,0,0,0,0,0,2000,140,1914,4,7999.87100
AllFleetRetreatPanorama,419,14.04100,13.22400,14.04430,4.37965,,,,1,0,0,0,0,0,0,2000,140,1914,4,7999.87100
AllFleetRetreatPanorama,420,11.69670,10.42080,11.68880,4.42982,,,,1,0,0,0,0,0,0,2000,140,1914,4,7999.87100
AllFleetRetreatPanorama,421,13.42920,13.24860,13.43000,4.40730,,,,1,0,0,0,0,0,0,2000,140,1914,4,7999.87100
AllFleetRetreatPanorama,422,10.12280,14.04760,10.11590,4.44518,,,,1,0,0,0,0,0,0,2000,140,1914,4,7999.87100
AllFleetRetreatPanorama,423,14.26130,11.69120,14.32350,4.46976,,,,1,0,0,0,0,0,0,2000,140,1914,4,7999.87100
AllFleetRetreatPanorama,424,13.92530,13.43320,13.92140,4.43290,,,,1,0,0,0,0,0,0,2000,140,1914,4,7999.87100
AllFleetRetreatPanorama,425,12.83279,10.11900,12.72360,4.43290,,,,1,0,0,0,0,0,0,2000,140,1914,4,7999.87100
AllFleetRetreatPanorama,426,14.15310,14.32650,14.15310,3.70995,,,,1,0,0,0,0,0,0,2000,140,1914,4,7999.87100
AllFleetRetreatPanorama,427,14.11460,13.92450,14.10730,4.38784,,,,1,0,0,0,0,0,0,2000,140,1914,4,7999.87100
AllFleetRetreatPanorama,428,10.19820,12.72690,10.20640,4.38784,,,,1,0,0,0,0,0,0,2000,140,1914,4,7999.87100
AllFleetRetreatPanorama,429,13.22620,14.15900,13.20390,4.39808,,,,1,0,0,0,0,0,0,2000,140,1914,4,7999.87100
AllFleetRetreatPanorama,430,15.51660,14.11650,15.51700,3.59322,,,,1,0,0,0,0,0,0,2000,140,1914,4,7999.87100
AllFleetRetreatPanorama,431,10.25530,10.20820,10.24840,4.64282,,,,1,0,0,0,0,0,0,2000,140,1914,4,7999.87100
AllFleetRetreatPanorama,432,12.92390,13.20560,12.91680,4.64282,,,,1,0,0,0,0,0,0,2000,140,1914,4,7999.87100
AllFleetRetreatPanorama,433,13.39720,15.52540,13.39640,4.35405,,,,1,0,0,0,0,0,0,2000,140,1914,4,7999.87100
AllFleetRetreatPanorama,434,11.89680,10.25280,11.88650,4.35405,,,,1,0,0,0,0,0,0,2000,140,1914,4,7999.87100
AllFleetRetreatPanorama,435,13.73020,12.92050,13.72590,4.37760,,,,1,0,0,0,0,0,0,2000,140,1914,4,7999.87100
AllFleetRetreatPanorama,436,13.09440,13.40600,13.08650,4.37760,,,,1,0,0,0,0,0,0,2000,140,1914,4,7999.87100
AllFleetRetreatPanorama,437,13.00600,11.89310,13.00240,4.40422,,,,1,0,0,0,0,0,0,2000,140,1914,4,7999.87100
AllFleetRetreatPanorama,438,15.57530,13.72960,15.56970,4.34381,,,,1,0,0,0,0,0,0,2000,140,1914,4,7999.87100
AllFleetRetreatPanorama,439,15.14760,13.09070,15.13980,3.62086,,,,1,0,0,0,0,0,0,2000,140,1914,4,7999.87100
AllFleetRetreatPanorama,440,11.86810,13.00880,11.86190,4.36224,,,,1,0,0,0,0,0,0,2000,140,1914,4,7999.87100
AllFleetRetreatPanorama,441,15.55820,15.57710,15.55270,4.36224,,,,1,0,0,0,0,0,0,2000,140,1914,4,7999.87100
AllFleetRetreatPanorama,442,16.47611,15.14980,16.45570,4.44314,,,,1,0,0,0,0,0,0,2000,140,1914,4,7999.87100
AllFleetRetreatPanorama,443,14.74200,11.86830,14.74040,4.21478,,,,1,0,0,0,0,0,0,2000,140,1914,4,7999.87100
AllFleetRetreatPanorama,444,10.97520,15.56770,10.96840,4.22093,,,,1,0,0,0,0,0,0,2000,140,1914,4,7999.87100
AllFleetRetreatPanorama,445,16.25580,16.45880,16.25010,4.21376,,,,1,0,0,0,0,0,0,2000,140,1914,4,7999.87100
AllFleetRetreatPanorama,446,16.93980,14.74630,16.92640,4.21376,,,,1,0,0,0,0,0,0,2000,140,1914,4,7999.87100
AllFleetRetreatPanorama,447,16.34280,10.97800,16.34000,4.24858,,,,1,0,0,0,0,0,0,2000,140,1914,4,7999.87100
AllFleetRetreatPanorama,448,10.34420,16.25820,10.33870,4.29670,,,,1,0,0,0,0,0,0,2000,140,1914,4,7999.87100
AllFleetRetreatPanorama,449,16.83919,16.93030,16.83510,4.49434,,,,1,0,0,0,0,0,0,2000,140,1914,4,7999.87100
AllFleetRetreatPanorama,450,15.93781,16.34370,15.93330,4.23834,,,,1,0,0,0,0,0,0,2000,140,1914,4,7999.87100
AllFleetRetreatPanorama,451,13.09300,10.34360,13.08980,4.26496,,,,1,0,0,0,0,0,0,2000,140,1914,4,7999.87100
AllFleetRetreatPanorama,452,15.88090,16.83950,15.87650,4.26189,,,,1,0,0,0,0,0,0,2000,140,1914,4,7999.87100
AllFleetRetreatPanorama,453,14.64600,15.93820,14.64370,4.26189,,,,1,0,0,0,0,0,0,2000,140,1914,4,7999.87100
AllFleetRetreatPanorama,454,16.12970,13.09300,16.11980,4.31616,,,,1,0,0,0,0,0,0,2000,140,1914,4,7999.87100
AllFleetRetreatPanorama,455,16.40500,15.88210,16.39980,4.25062,,,,1,0,0,0,0,0,0,2000,140,1914,4,7999.87100
AllFleetRetreatPanorama,456,13.36970,14.65100,13.36830,4.21376,,,,1,0,0,0,0,0,0,2000,140,1914,4,7999.87100
AllFleetRetreatPanorama,457,18.38880,16.12420,18.37900,4.21376,,,,1,0,0,0,0,0,0,2000,140,1914,4,7999.87100
AllFleetRetreatPanorama,458,19.57090,16.40490,19.56390,3.56966,,,,1,0,0,0,0,0,0,2000,140,1914,4,7999.87100
AllFleetRetreatPanorama,459,17.33690,13.37480,17.33390,3.53280,,,,1,0,0,0,0,0,0,2000,140,1914,4,7999.87100
AllFleetRetreatPanorama,460,18.06380,18.38570,18.05340,4.30899,,,,1,0,0,0,0,0,0,2000,140,1914,4,7999.87100
AllFleetRetreatPanorama,461,18.05380,19.56820,18.04920,3.53894,,,,1,0,0,0,0,0,0,2000,140,1914,4,7999.87100
AllFleetRetreatPanorama,462,14.33530,17.34280,14.33380,4.46771,,,,1,0,0,0,0,0,0,2000,140,1913,4,7999.87100
AllFleetRetreatPanorama,463,22.18510,18.05730,22.18730,4.24346,,,,1,0,0,0,0,0,0,2000,140,1913,4,7999.87100
AllFleetRetreatPanorama,464,18.73350,18.05370,18.70710,4.26906,,,,1,0,0,0,0,0,0,2000,140,1913,4,7999.87100
AllFleetRetreatPanorama,465,17.65130,14.34050,17.63360,4.29466,,,,1,0,0,0,0,0,0,2000,140,1913,4,7999.87100
AllFleetRetreatPanorama,466,12.73520,22.20920,12.72470,4.36736,,,,1,0,0,0,0,0,0,2000,140,1913,4,7999.87100
AllFleetRetreatPanorama,467,14.31980,18.71960,14.31620,4.36736,,,,1,0,0,0,0,0,0,2000,140,1913,4,7999.87100
AllFleetRetreatPanorama,468,14.31181,17.64400,14.30360,4.27622,,,,1,0,0,0,0,0,0,2000,140,1913,4,7999.87100
AllFleetRetreatPanorama,469,12.48980,12.72990,12.47630,3.48160,,,,1,0,0,0,0,0,0,2000,140,1913,4,7999.87100
AllFleetRetreatPanorama,470,13.77900,14.32370,13.77640,4.19430,,,,1,0,0,0,0,0,0,2000,140,1913,4,7999.87100
AllFleetRetreatPanorama,471,15.40120,14.31480,15.39620,4.19430,,,,1,0,0,0,0,0,0,2000,140,1913,4,7999.87100
AllFleetRetreatPanorama,472,13.59860,12.47840,13.59000,4.21683,,,,1,0,0,0,0,0,0,2000,140,1913,4,7999.87100
AllFleetRetreatPanorama,473,13.50650,13.78290,13.50340,3.79699,,,,1,0,0,0,0,0,0,2000,140,1913,4,7999.87100
AllFleetRetreatPanorama,474,15.60860,15.40270,15.60470,4.21376,,,,1,0,0,0,0,0,0,2000,140,1913,4,7999.87100
AllFleetRetreatPanorama,475,10.79160,13.59340,10.79160,4.21376,,,,1,0,0,0,0,0,0,2000,140,1913,4,7999.87100
AllFleetRetreatPanorama,476,14.16470,13.50750,14.15610,3.52154,,,,1,0,0,0,0,0,0,2000,140,1913,4,7999.87100
AllFleetRetreatPanorama,477,13.60870,15.60760,13.60000,4.21990,,,,1,0,0,0,0,0,0,2000,140,1913,4,7999.87100
AllFleetRetreatPanorama,478,10.41200,10.79870,10.40310,4.21990,,,,1,0,0,0,0,0,0,2000,140,1913,4,7999.87100
AllFleetRetreatPanorama,479,14.55530,14.16520,14.55200,4.21171,,,,1,0,0,0,0,0,0,2000,140,1912,4,7999.87100
AllFleetRetreatPanorama,480,14.42570,13.60830,14.41670,4.21171,,,,1,0,0,0,0,0,0,2000,140,1912,4,7999.87100
