simulationTime,x,y,z,stepSeconds,stepDistance,hudUnitsPerSecond,measuredUnitsPerSecond,headForwardDot,damagedPending,exploded,shots,reflections
0.02000,0.00000,8.00000,6.00000,0.02000,6.00000,300.00000,300.00000,1.0000000,0,0,0,0
0.04000,0.00000,8.00000,12.00000,0.02000,6.00000,300.00000,300.00000,1.0000000,0,0,0,0
0.06000,0.00000,8.00000,17.99999,0.02000,6.00000,300.00000,300.00000,1.0000000,0,0,0,0
0.08000,0.00000,8.00000,23.99999,0.02000,6.00000,300.00000,300.00000,1.0000000,0,0,0,0
0.10000,0.00000,8.00000,29.99999,0.02000,6.00000,300.00000,300.00000,1.0000000,0,0,0,0
0.12000,0.00000,8.00000,35.99998,0.02000,6.00000,299.99990,299.99990,1.0000000,0,0,0,0
0.14000,0.00000,8.00000,41.99998,0.02000,6.00000,299.99990,299.99990,1.0000000,0,0,0,0
0.16000,0.00000,8.00000,47.99998,0.02000,6.00000,299.99990,299.99990,1.0000000,0,0,0,0
0.18000,0.00000,8.00000,53.99997,0.02000,6.00000,299.99990,299.99990,1.0000000,0,0,0,0
0.20000,0.00000,8.00000,59.99997,0.02000,6.00000,299.99990,299.99990,1.0000000,0,0,0,0
0.22000,0.00000,8.00000,65.99997,0.02000,6.00000,300.00010,300.00010,1.0000000,0,0,0,0
0.24000,0.00000,8.00000,71.99997,0.02000,6.00000,300.00010,300.00010,1.0000000,0,0,0,0
0.26000,0.00000,8.00000,77.99997,0.02000,6.00000,300.00010,300.00010,1.0000000,0,0,0,0
0.28000,0.00000,8.00000,83.99997,0.02000,6.00000,300.00010,300.00030,1.0000000,0,0,0,0
0.30000,0.00000,8.00000,89.99997,0.02000,6.00000,300.00010,300.00030,1.0000000,0,0,0,0
0.32000,0.00000,8.00000,95.99997,0.02000,6.00000,300.00010,300.00030,1.0000000,0,0,0,0
0.34000,0.00000,8.00000,102.00000,0.02000,6.00000,300.00010,300.00030,1.0000000,0,0,0,0
0.36000,0.00000,8.00000,108.00000,0.02000,6.00000,300.00010,300.00030,1.0000000,0,0,0,0
0.38000,0.00000,8.00000,114.00000,0.02000,6.00000,300.00010,300.00030,1.0000000,0,0,0,0
0.40000,0.00000,8.00000,120.00000,0.02000,6.00000,300.00010,300.00030,1.0000000,0,0,0,0
0.42000,0.00000,8.00000,126.00000,0.02000,6.00000,300.00010,300.00030,1.0000000,0,0,0,0
0.44000,0.00000,8.00000,132.00000,0.02000,6.00000,300.00010,300.00030,1.0000000,0,0,0,0
0.46000,0.00000,8.00000,138.00000,0.02000,6.00000,300.00010,300.00030,1.0000000,0,0,0,0
0.48000,0.00000,8.00000,144.00000,0.02000,6.00000,300.00010,300.00030,1.0000000,0,0,0,0
0.50000,0.00000,8.00000,150.00000,0.02000,6.00000,300.00010,300.00030,1.0000000,0,0,0,0
0.52000,0.00000,8.00000,156.00000,0.02000,6.00000,300.00010,300.00030,1.0000000,0,0,0,0
0.54000,0.00000,8.00000,162.00000,0.02000,6.00000,300.00010,300.00030,1.0000000,0,0,0,0
0.56000,0.00000,8.00000,168.00000,0.02000,6.00000,300.00010,300.00030,1.0000000,0,0,0,0
0.58000,0.00000,8.00000,174.00000,0.02000,6.00000,300.00010,300.00030,1.0000000,0,0,0,0
0.60000,0.00000,8.00000,180.00000,0.02000,6.00000,300.00010,300.00030,1.0000000,0,0,0,0
0.62000,0.00000,8.00000,186.00000,0.02000,6.00000,300.00010,300.00030,1.0000000,0,0,0,0
0.64000,0.00000,8.00000,192.00000,0.02000,6.00000,300.00010,300.00030,1.0000000,0,0,0,0
0.66000,0.00000,8.00000,198.00000,0.02000,6.00000,300.00010,300.00030,1.0000000,0,0,0,0
0.68000,0.00000,8.00000,204.00000,0.02000,6.00000,300.00010,300.00030,1.0000000,0,0,0,0
0.70000,0.00000,8.00000,210.00000,0.02000,6.00000,300.00010,300.00030,1.0000000,0,0,0,0
0.72000,0.00000,8.00000,216.00000,0.02000,6.00000,300.00010,300.00030,1.0000000,0,0,0,0
0.74000,0.00000,8.00000,222.00000,0.02000,6.00000,300.00010,300.00030,1.0000000,0,0,0,0
0.76000,0.00000,8.00000,228.00000,0.02000,6.00000,300.00010,300.00030,1.0000000,0,0,0,0
0.78000,0.00000,8.00000,234.00000,0.02000,6.00000,300.00010,300.00030,1.0000000,0,0,0,0
0.80000,0.00000,8.00000,240.00000,0.02000,6.00000,300.00010,300.00030,1.0000000,0,0,0,0
0.82000,0.00000,8.00000,246.00000,0.02000,6.00000,300.00010,300.00030,1.0000000,0,0,0,0
0.84000,0.00000,8.00000,252.00000,0.02000,6.00000,300.00010,300.00030,1.0000000,0,0,0,0
0.86000,0.00000,8.00000,258.00000,0.02000,6.00000,300.00010,300.00030,1.0000000,0,0,0,0
0.88000,0.00000,8.00000,264.00000,0.02000,6.00000,300.00010,300.00030,1.0000000,0,0,0,0
0.90000,0.00000,8.00000,270.00000,0.02000,6.00000,300.00010,300.00030,1.0000000,0,0,0,0
0.92000,0.00000,8.00000,276.00000,0.02000,6.00000,300.00010,300.00030,1.0000000,0,0,0,0
0.94000,0.00000,8.00000,282.00000,0.02000,6.00000,300.00010,300.00030,1.0000000,0,0,0,0
0.96000,0.00000,8.00000,288.00000,0.02000,6.00000,300.00010,300.00030,1.0000000,0,0,0,0
0.98000,0.00000,8.00000,294.00000,0.02000,6.00000,300.00010,300.00030,1.0000000,0,0,0,0
1.00000,0.00000,8.00000,300.00000,0.02000,6.00000,300.00010,300.00030,1.0000000,0,0,0,0
1.02000,0.00000,8.00000,306.00000,0.02000,6.00000,300.00010,299.99940,1.0000000,0,0,0,0
1.04000,0.00000,8.00000,312.00000,0.02000,6.00000,300.00010,300.00030,1.0000000,0,0,0,0
1.06000,0.00000,8.00000,318.00000,0.02000,6.00000,300.00010,300.00030,1.0000000,0,0,0,0
1.08000,0.00000,8.00000,324.00000,0.02000,6.00000,300.00010,300.00030,1.0000000,0,0,0,0
1.10000,0.00000,8.00000,330.00000,0.02000,6.00000,300.00010,300.00030,1.0000000,0,0,0,0
1.12000,0.00000,8.00000,336.00000,0.02000,6.00000,300.00010,300.00030,1.0000000,0,0,0,0
1.14000,0.00000,8.00000,342.00000,0.02000,6.00000,300.00010,300.00030,1.0000000,0,0,0,0
1.16000,0.00000,8.00000,348.00000,0.02000,6.00000,300.00010,300.00030,1.0000000,0,0,0,0
1.18000,0.00000,8.00000,354.00000,0.02000,6.00000,300.00010,300.00030,1.0000000,0,0,0,0
1.20000,0.00000,8.00000,360.00000,0.02000,6.00000,300.00010,300.00030,1.0000000,0,0,0,0
1.22000,0.00000,8.00000,366.00000,0.02000,6.00000,300.00010,300.00030,1.0000000,0,0,0,0
1.24000,0.00000,8.00000,372.00000,0.02000,6.00000,300.00010,300.00030,1.0000000,0,0,0,0
1.26000,0.00000,8.00000,378.00000,0.02000,6.00000,300.00010,300.00030,1.0000000,0,0,0,0
1.28000,0.00000,8.00000,384.00000,0.02000,6.00000,300.00010,300.00030,1.0000000,0,0,0,0
1.30000,0.00000,8.00000,390.00000,0.02000,6.00000,300.00010,300.00030,1.0000000,0,0,0,0
1.32000,0.00000,8.00000,396.00000,0.02000,6.00000,300.00010,300.00030,1.0000000,0,0,0,0
1.34000,0.00000,8.00000,402.00000,0.02000,6.00000,300.00010,300.00030,1.0000000,0,0,0,0
1.36000,0.00000,8.00000,408.00000,0.02000,6.00000,300.00010,300.00030,1.0000000,0,0,0,0
1.38000,0.00000,8.00000,414.00000,0.02000,6.00000,300.00010,300.00030,1.0000000,0,0,0,0
1.40000,0.00000,8.00000,420.00000,0.02000,6.00000,300.00010,300.00030,1.0000000,0,0,0,0
1.42000,0.00000,8.00000,426.00000,0.02000,6.00000,300.00010,300.00030,1.0000000,0,0,0,0
1.44000,0.00000,8.00000,432.00000,0.02000,6.00000,300.00010,300.00030,1.0000000,0,0,0,0
1.46000,0.00000,8.00000,438.00000,0.02000,6.00000,300.00010,300.00030,1.0000000,0,0,0,0
1.48000,0.00000,8.00000,444.00000,0.02000,6.00000,300.00010,300.00030,1.0000000,0,0,0,0
1.50000,0.00000,8.00000,450.00000,0.02000,6.00000,300.00010,300.00030,1.0000000,0,0,0,0
1.52000,0.00000,8.00000,456.00000,0.02000,6.00000,300.00010,300.00030,1.0000000,0,0,0,0
1.54000,0.00000,8.00000,462.00000,0.02000,6.00000,300.00010,300.00030,1.0000000,0,0,0,0
1.56000,0.00000,8.00000,468.00000,0.02000,6.00000,300.00010,300.00030,1.0000000,0,0,0,0
1.58000,0.00000,8.00000,474.00000,0.02000,6.00000,300.00010,300.00030,1.0000000,0,0,0,0
1.60000,0.00000,8.00000,480.00000,0.02000,6.00000,300.00010,300.00030,1.0000000,0,0,0,0
1.62000,0.00000,8.00000,486.00000,0.02000,6.00000,300.00010,300.00030,1.0000000,0,0,0,0
1.64000,0.00000,8.00000,492.00000,0.02000,6.00000,300.00010,300.00030,1.0000000,0,0,0,0
1.66000,0.00000,8.00000,498.00000,0.02000,6.00000,300.00010,300.00030,1.0000000,0,0,0,0
1.68000,0.00000,8.00000,504.00000,0.02000,6.00000,300.00010,300.00030,1.0000000,0,0,0,0
1.70000,0.00000,8.00000,510.00000,0.02000,6.00000,300.00010,300.00030,1.0000000,0,0,0,0
1.72000,0.00000,8.00000,515.99990,0.02000,5.99997,299.99860,299.99870,1.0000000,0,0,0,0
1.74000,0.00000,8.00000,521.99990,0.02000,6.00000,300.00010,300.00030,1.0000000,0,0,0,0
1.76000,0.00000,8.00000,527.99990,0.02000,6.00000,300.00010,300.00030,1.0000000,0,0,0,0
1.78000,0.00000,8.00000,533.99990,0.02000,6.00000,300.00010,300.00030,1.0000000,0,0,0,0
1.80000,0.00000,8.00000,539.99990,0.02000,6.00000,300.00010,300.00030,1.0000000,0,0,0,0
1.82000,0.00000,8.00000,545.99990,0.02000,6.00000,300.00010,300.00030,1.0000000,0,0,0,0
1.84000,0.00000,8.00000,551.99990,0.02000,6.00000,300.00010,300.00030,1.0000000,0,0,0,0
1.86000,0.00000,8.00000,557.99990,0.02000,6.00000,300.00010,300.00030,1.0000000,0,0,0,0
1.88000,0.00000,8.00000,563.99990,0.02000,6.00000,300.00010,300.00030,1.0000000,0,0,0,0
1.90000,0.00000,8.00000,569.99990,0.02000,6.00000,300.00010,300.00030,1.0000000,0,0,0,0
1.92000,0.00000,8.00000,575.99990,0.02000,6.00000,300.00010,300.00030,1.0000000,0,0,0,0
1.94000,0.00000,8.00000,581.99990,0.02000,6.00000,300.00010,300.00030,1.0000000,0,0,0,0
1.96000,0.00000,8.00000,587.99990,0.02000,6.00000,300.00010,300.00030,1.0000000,0,0,0,0
1.98000,0.00000,8.00000,593.99990,0.02000,6.00000,300.00010,300.00030,1.0000000,0,0,0,0
2.00000,0.00000,8.00000,599.99990,0.02000,6.00000,300.00010,300.00030,1.0000000,0,0,0,0
2.02000,0.00000,8.00000,605.99990,0.02000,6.00000,300.00010,300.00030,1.0000000,0,0,0,0
2.04000,0.00000,8.00000,611.99990,0.02000,6.00000,300.00010,300.00030,1.0000000,0,0,0,0
2.06000,0.00000,8.00000,617.99990,0.02000,6.00000,300.00010,300.00030,1.0000000,0,0,0,0
2.08000,0.00000,8.00000,623.99990,0.02000,6.00000,300.00010,300.00030,1.0000000,0,0,0,0
2.10000,0.00000,8.00000,629.99990,0.02000,6.00000,300.00010,300.00030,1.0000000,0,0,0,0
2.12000,0.00000,8.00000,635.99990,0.02000,6.00000,300.00010,300.00030,1.0000000,0,0,0,0
2.14000,0.00000,8.00000,641.99990,0.02000,6.00000,300.00010,300.00030,1.0000000,0,0,0,0
2.16000,0.00000,8.00000,647.99990,0.02000,6.00000,300.00010,300.00030,1.0000000,0,0,0,0
2.18000,0.00000,8.00000,653.99990,0.02000,6.00000,300.00010,300.00030,1.0000000,0,0,0,0
2.20000,0.00000,8.00000,659.99990,0.02000,6.00000,300.00010,300.00030,1.0000000,0,0,0,0
2.22000,0.00000,8.00000,665.99990,0.02000,6.00000,300.00010,300.00030,1.0000000,0,0,0,0
2.24000,0.00000,8.00000,671.99990,0.02000,6.00000,300.00010,300.00030,1.0000000,0,0,0,0
2.26000,0.00000,8.00000,677.99990,0.02000,6.00000,300.00010,300.00030,1.0000000,0,0,0,0
2.28000,0.00000,8.00000,683.99990,0.02000,6.00000,300.00010,300.00030,1.0000000,0,0,0,0
2.30000,0.00000,8.00000,689.99990,0.02000,6.00000,300.00010,300.00030,1.0000000,0,0,0,0
2.32000,0.00000,8.00000,695.99990,0.02000,6.00000,300.00010,300.00030,1.0000000,0,0,0,0
2.34000,0.00000,8.00000,701.99990,0.02000,6.00000,300.00010,300.00030,1.0000000,0,0,0,0
2.36000,0.00000,8.00000,707.99990,0.02000,6.00000,300.00010,300.00030,1.0000000,0,0,0,0
2.38000,0.00000,8.00000,713.99990,0.02000,6.00000,300.00010,300.00030,1.0000000,0,0,0,0
2.40000,0.00000,8.00000,719.99990,0.02000,6.00000,300.00010,300.00030,1.0000000,0,0,0,0
2.42000,0.00000,8.00000,725.99990,0.02000,6.00000,300.00010,300.00030,1.0000000,0,0,0,0
2.44000,0.00000,8.00000,731.99990,0.02000,6.00000,300.00010,300.00030,1.0000000,0,0,0,0
2.46000,0.00000,8.00000,737.99990,0.02000,6.00000,300.00010,300.00030,1.0000000,0,0,0,0
2.48000,0.00000,8.00000,743.99990,0.02000,6.00000,300.00010,300.00030,1.0000000,0,0,0,0
2.50000,0.00000,8.00000,749.99990,0.02000,6.00000,300.00010,300.00030,1.0000000,0,0,0,0
2.52000,0.00000,8.00000,755.99990,0.02000,6.00000,300.00010,300.00030,1.0000000,0,0,0,0
2.54000,0.00000,8.00000,761.99990,0.02000,6.00000,300.00010,300.00030,1.0000000,0,0,0,0
2.56000,0.00000,8.00000,767.99990,0.02000,6.00000,300.00010,300.00030,1.0000000,0,0,0,0
2.58000,0.00000,8.00000,773.99990,0.02000,6.00000,300.00010,300.00030,1.0000000,0,0,0,0
2.60000,0.00000,8.00000,779.99990,0.02000,6.00000,300.00010,300.00030,1.0000000,0,0,0,0
2.62000,0.00000,8.00000,785.99990,0.02000,6.00000,300.00010,300.00030,1.0000000,0,0,0,0
2.64000,0.00000,8.00000,791.99990,0.02000,6.00000,300.00010,300.00030,1.0000000,0,0,0,0
2.66000,0.00000,8.00000,797.99990,0.02000,6.00000,300.00010,300.00030,1.0000000,0,0,0,0
2.68000,0.00000,8.00000,803.99990,0.02000,6.00000,300.00010,300.00030,1.0000000,0,0,0,0
2.70000,0.00000,8.00000,809.99990,0.02000,6.00000,300.00010,300.00030,1.0000000,0,0,0,0
2.72000,0.00000,8.00000,815.99990,0.02000,6.00000,300.00010,300.00030,1.0000000,0,0,0,0
2.74000,0.00000,8.00000,821.99990,0.02000,6.00000,300.00010,300.00030,1.0000000,0,0,0,0
2.76000,0.00000,8.00000,827.99990,0.02000,6.00000,300.00010,300.00030,1.0000000,0,0,0,0
2.78000,0.00000,8.00000,833.99990,0.02000,6.00000,300.00010,300.00030,1.0000000,0,0,0,0
2.80000,0.00000,8.00000,839.99990,0.02000,6.00000,300.00010,300.00030,1.0000000,0,0,0,0
2.82000,0.00000,8.00000,845.99990,0.02000,6.00000,300.00010,300.00030,1.0000000,0,0,0,0
2.84000,0.00000,8.00000,851.99990,0.02000,6.00000,300.00010,300.00030,1.0000000,0,0,0,0
2.86000,0.00000,8.00000,857.99990,0.02000,6.00000,300.00010,300.00030,1.0000000,0,0,0,0
2.88000,0.00000,8.00000,863.99990,0.02000,6.00000,300.00010,300.00030,1.0000000,0,0,0,0
2.90000,0.00000,8.00000,869.99990,0.02000,6.00000,300.00010,300.00030,1.0000000,0,0,0,0
2.92000,0.00000,8.00000,875.99990,0.02000,6.00000,300.00010,300.00030,1.0000000,0,0,0,0
2.94000,0.00000,8.00000,881.99990,0.02000,6.00000,300.00010,300.00030,1.0000000,0,0,0,0
2.96000,0.00000,8.00000,887.99990,0.02000,6.00000,300.00010,300.00030,1.0000000,0,0,0,0
2.98000,0.00000,8.00000,893.99990,0.02000,6.00000,300.00010,300.00030,1.0000000,0,0,0,0
3.00000,0.00000,8.00000,899.99990,0.02000,6.00000,300.00010,300.00030,1.0000000,0,0,0,0
3.02000,0.00000,8.00000,905.99990,0.02000,6.00000,300.00010,300.00030,1.0000000,0,0,0,0
3.04000,0.00000,8.00000,911.99990,0.02000,6.00000,300.00010,300.00030,1.0000000,0,0,0,0
3.06000,0.00000,8.00000,917.99990,0.02000,6.00000,300.00010,300.00030,1.0000000,0,0,0,0
3.08000,0.00000,8.00000,923.99990,0.02000,6.00000,300.00010,300.00030,1.0000000,0,0,0,0
3.10000,0.00000,8.00000,929.99990,0.02000,6.00000,300.00010,300.00030,1.0000000,0,0,0,0
3.12000,0.00000,8.00000,935.99990,0.02000,6.00000,300.00010,300.00030,1.0000000,0,0,0,0
3.14000,0.00000,8.00000,941.99990,0.02000,6.00000,300.00010,300.00030,1.0000000,0,0,0,0
3.16000,0.00000,8.00000,947.99990,0.02000,6.00000,300.00010,300.00030,1.0000000,0,0,0,0
3.18000,0.00000,8.00000,953.99990,0.02000,6.00000,300.00010,300.00030,1.0000000,0,0,0,0
3.20000,0.00000,8.00000,959.99990,0.02000,6.00000,300.00010,300.00030,1.0000000,0,0,0,0
3.22000,0.00000,8.00000,965.99990,0.02000,6.00000,300.00010,300.00030,1.0000000,0,0,0,0
3.24000,0.00000,8.00000,971.99990,0.02000,6.00000,300.00010,300.00030,1.0000000,0,0,0,0
3.26000,0.00000,8.00000,977.99990,0.02000,6.00000,300.00010,300.00030,1.0000000,1,0,0,0
3.28000,0.00000,8.00000,983.99990,0.02000,6.00000,300.00010,300.00030,1.0000000,1,0,0,0
3.30000,0.00000,8.00000,989.99990,0.02000,6.00000,300.00010,300.00030,1.0000000,1,0,0,0
3.32000,0.00000,8.00000,995.99990,0.02000,6.00000,300.00010,300.00030,1.0000000,1,0,0,0
3.34000,0.00000,8.00000,1002.00000,0.02000,6.00000,300.00010,300.00030,1.0000000,1,0,0,0
3.36000,0.00000,8.00000,1008.00000,0.02000,6.00000,300.00010,300.00030,1.0000000,1,0,0,0
3.38000,0.00000,8.00000,1014.00000,0.02000,6.00000,300.00010,300.00030,1.0000000,1,0,0,0
3.40000,0.00000,8.00000,1020.00000,0.02000,6.00000,300.00010,300.00030,1.0000000,1,0,0,0
3.42000,0.00000,8.00000,1026.00000,0.02000,5.99994,299.99710,299.99720,1.0000000,1,0,0,0
3.44000,0.00000,8.00000,1032.00000,0.02000,6.00000,300.00010,300.00030,1.0000000,1,0,0,0
3.46000,0.00000,8.00000,1038.00000,0.02000,6.00000,300.00010,300.00030,1.0000000,1,0,0,0
3.48000,0.00000,8.00000,1044.00000,0.02000,6.00000,300.00010,300.00030,1.0000000,1,0,0,0
3.50000,0.00000,8.00000,1050.00000,0.02000,6.00000,300.00010,300.00030,1.0000000,1,0,2,2
3.58000,0.00000,8.00000,1074.00000,0.08000,24.00000,300.00010,300.00030,1.0000000,1,0,2,2
3.60000,0.00000,8.00000,1080.00000,0.02000,6.00000,300.00010,300.00030,1.0000000,1,0,2,2
3.62000,0.00000,8.00000,1086.00000,0.02000,6.00000,300.00010,300.00030,1.0000000,1,0,2,2
3.64000,0.00000,8.00000,1092.00000,0.02000,6.00000,300.00010,300.00030,1.0000000,1,0,2,2
3.66000,0.00000,8.00000,1098.00000,0.02000,6.00000,300.00010,300.00030,1.0000000,1,0,2,2
3.68000,0.00000,8.00000,1104.00000,0.02000,6.00000,300.00010,300.00030,1.0000000,1,0,2,2
3.70000,0.00000,8.00000,1110.00000,0.02000,6.00000,300.00010,300.00030,1.0000000,1,0,3,2
3.72000,0.00000,8.00000,1116.00000,0.02000,6.00000,300.00010,300.00030,1.0000000,1,0,3,2
3.74000,0.00000,8.00000,1122.00000,0.02000,6.00000,300.00010,300.00030,1.0000000,1,0,5,2
3.76000,0.00000,8.00000,1128.00000,0.02000,6.00000,300.00010,300.00030,1.0000000,1,0,5,2
3.78000,0.00000,8.00000,1134.00000,0.02000,6.00000,300.00010,300.00030,1.0000000,1,0,5,2
3.80000,0.00000,8.00000,1140.00000,0.02000,6.00000,300.00010,300.00030,1.0000000,1,0,5,2
3.82000,0.00000,8.00000,1146.00000,0.02000,6.00000,300.00010,300.00030,1.0000000,1,0,5,2
3.84000,0.00000,8.00000,1152.00000,0.02000,6.00000,300.00010,300.00030,1.0000000,1,0,5,2
3.86000,0.00000,8.00000,1158.00000,0.02000,6.00000,300.00010,300.00030,1.0000000,1,0,5,2
3.88000,0.00000,8.00000,1164.00000,0.02000,6.00000,300.00010,300.00030,1.0000000,1,0,5,2
3.90000,0.00000,8.00000,1170.00000,0.02000,6.00000,300.00010,300.00030,1.0000000,1,0,5,2
3.92000,0.00000,8.00000,1176.00000,0.02000,6.00000,300.00010,300.00030,1.0000000,1,0,5,2
3.94000,0.00000,8.00000,1182.00000,0.02000,6.00000,300.00010,300.00030,1.0000000,1,0,5,2
3.96000,0.00000,8.00000,1188.00000,0.02000,6.00000,300.00010,300.00030,1.0000000,1,0,5,2
3.98000,0.00000,8.00000,1194.00000,0.02000,6.00000,300.00010,300.00030,1.0000000,1,0,5,2
4.00000,0.00000,8.00000,1200.00000,0.02000,6.00000,300.00010,300.00030,1.0000000,1,0,5,2
4.02000,0.00000,8.00000,1206.00000,0.02000,6.00000,300.00010,299.99670,1.0000000,1,0,5,2
4.04000,0.00000,8.00000,1212.00000,0.02000,6.00000,300.00010,300.00030,1.0000000,1,0,5,2
4.06000,0.00000,8.00000,1218.00000,0.02000,6.00000,300.00010,300.00030,1.0000000,1,0,5,2
4.08000,0.00000,8.00000,1224.00000,0.02000,6.00000,300.00010,300.00030,1.0000000,1,0,5,2
4.10000,0.00000,8.00000,1230.00000,0.02000,6.00000,300.00010,300.00030,1.0000000,1,0,5,2
4.12000,0.00000,8.00000,1236.00000,0.02000,6.00000,300.00010,300.00030,1.0000000,1,0,5,2
4.14000,0.00000,8.00000,1242.00000,0.02000,6.00000,300.00010,300.00030,1.0000000,1,0,5,2
4.16000,0.00000,8.00000,1248.00000,0.02000,6.00000,300.00010,300.00030,1.0000000,1,0,5,2
4.18000,0.00000,8.00000,1254.00000,0.02000,6.00000,300.00010,300.00030,1.0000000,1,0,5,2
4.20000,0.00000,8.00000,1260.00000,0.02000,6.00000,300.00010,300.00030,1.0000000,1,0,5,2
4.22000,0.00000,8.00000,1266.00000,0.02000,6.00000,300.00010,300.00030,1.0000000,1,0,5,2
4.24000,0.00000,8.00000,1272.00000,0.02000,6.00000,300.00010,300.00030,1.0000000,1,0,5,2
4.26000,0.00000,8.00000,1278.00000,0.02000,6.00000,300.00010,300.00030,1.0000000,1,0,5,2
4.28000,0.00000,8.00000,1284.00000,0.02000,6.00000,300.00010,300.00030,1.0000000,1,0,5,2
4.30000,0.00000,8.00000,1290.00000,0.02000,6.00000,300.00010,300.00030,1.0000000,1,0,5,2
4.32000,0.00000,8.00000,1296.00000,0.02000,6.00000,300.00010,300.00030,1.0000000,1,0,5,2
4.34000,0.00000,8.00000,1302.00000,0.02000,6.00000,300.00010,300.00030,1.0000000,1,0,5,2
4.36000,0.00000,8.00000,1308.00000,0.02000,6.00000,300.00010,300.00030,1.0000000,1,0,5,2
4.38000,0.00000,8.00000,1314.00000,0.02000,6.00000,300.00010,300.00030,1.0000000,1,0,5,2
4.40000,0.00000,8.00000,1320.00000,0.02000,6.00000,300.00010,300.00030,1.0000000,1,0,5,2
4.42000,0.00000,8.00000,1326.00000,0.02000,6.00000,300.00010,300.00030,1.0000000,1,0,5,2
4.44000,0.00000,8.00000,1332.00000,0.02000,6.00000,300.00010,300.00030,1.0000000,1,0,5,2
4.46000,0.00000,8.00000,1338.00000,0.02000,6.00000,300.00010,300.00030,1.0000000,1,0,5,2
4.48000,0.00000,8.00000,1344.00000,0.02000,6.00000,300.00010,300.00030,1.0000000,1,0,5,2
4.50000,0.00000,8.00000,1350.00000,0.02000,6.00000,300.00010,300.00030,1.0000000,1,0,5,2
4.52000,0.00000,8.00000,1356.00000,0.02000,6.00000,300.00010,300.00030,1.0000000,1,0,5,2
4.54000,0.00000,8.00000,1362.00000,0.02000,6.00000,300.00010,300.00030,1.0000000,1,0,5,2
4.56000,0.00000,8.00000,1368.00000,0.02000,6.00000,300.00010,300.00030,1.0000000,1,0,5,2
4.58000,0.00000,8.00000,1374.00000,0.02000,6.00000,300.00010,300.00030,1.0000000,1,0,5,2
4.60000,0.00000,8.00000,1380.00000,0.02000,6.00000,300.00010,300.00030,1.0000000,1,0,5,2
4.62000,0.00000,8.00000,1386.00000,0.02000,6.00000,300.00010,300.00030,1.0000000,1,0,5,2
4.64000,0.00000,8.00000,1392.00000,0.02000,6.00000,300.00010,300.00030,1.0000000,1,0,5,2
4.66000,0.00000,8.00000,1398.00000,0.02000,6.00000,300.00010,300.00030,1.0000000,1,0,5,2
4.68000,0.00000,8.00000,1404.00000,0.02000,6.00000,300.00010,300.00030,1.0000000,1,0,5,2
4.70000,0.00000,8.00000,1410.00000,0.02000,6.00000,300.00010,300.00030,1.0000000,1,0,5,2
4.72000,0.00000,8.00000,1416.00000,0.02000,6.00000,300.00010,300.00030,1.0000000,1,0,5,2
4.74000,0.00000,8.00000,1422.00000,0.02000,6.00000,300.00010,300.00030,1.0000000,1,0,5,2
4.76000,0.00000,8.00000,1428.00000,0.02000,6.00000,300.00010,300.00030,1.0000000,1,0,5,2
4.78000,0.00000,8.00000,1434.00000,0.02000,6.00000,300.00010,300.00030,1.0000000,1,0,5,2
4.80000,0.00000,8.00000,1440.00000,0.02000,6.00000,300.00010,300.00030,1.0000000,1,0,5,2
4.82000,0.00000,8.00000,1446.00000,0.02000,6.00000,300.00010,300.00030,1.0000000,1,0,5,2
4.84000,0.00000,8.00000,1452.00000,0.02000,6.00000,300.00010,300.00030,1.0000000,1,0,5,2
4.86000,0.00000,8.00000,1458.00000,0.02000,6.00000,300.00010,300.00030,1.0000000,1,0,5,2
4.88000,0.00000,8.00000,1464.00000,0.02000,6.00000,300.00010,300.00030,1.0000000,1,0,5,2
4.90000,0.00000,8.00000,1470.00000,0.02000,6.00000,300.00010,300.00030,1.0000000,1,0,5,2
4.92000,0.00000,8.00000,1476.00000,0.02000,6.00000,300.00010,300.00030,1.0000000,1,0,6,2
4.94000,0.00000,8.00000,1482.00000,0.02000,6.00000,300.00010,300.00030,1.0000000,1,0,6,2
4.96000,0.00000,8.00000,1488.00000,0.02000,6.00000,300.00010,300.00030,1.0000000,1,0,6,2
4.98000,0.00000,8.00000,1494.00000,0.02000,6.00000,300.00010,300.00030,1.0000000,1,0,6,2
5.00000,0.00000,8.00000,1500.00000,0.02000,6.00000,300.00010,300.00030,1.0000000,1,0,6,2
5.02000,0.00000,8.00000,1506.00000,0.02000,6.00000,300.00010,300.00030,1.0000000,1,0,7,2
5.04000,0.00000,8.00000,1512.00000,0.02000,6.00000,300.00010,300.00030,1.0000000,1,0,7,2
5.06000,0.00000,8.00000,1518.00000,0.02000,6.00000,300.00010,300.00030,1.0000000,1,0,7,2
5.08000,0.00000,8.00000,1524.00000,0.02000,6.00000,300.00010,300.00030,1.0000000,1,0,7,2
5.10000,0.00000,8.00000,1530.00000,0.02000,6.00000,300.00010,300.00030,1.0000000,1,0,7,2
5.12000,0.00000,8.00000,1536.00000,0.02000,6.00000,300.00010,300.00030,1.0000000,1,0,7,2
5.14000,0.00000,8.00000,1542.00000,0.02000,6.00000,300.00010,300.00030,1.0000000,1,0,7,2
5.16000,0.00000,8.00000,1548.00000,0.02000,6.00000,300.00010,300.00030,1.0000000,1,0,7,2
5.18000,0.00000,8.00000,1554.00000,0.02000,6.00000,300.00010,300.00030,1.0000000,1,0,7,2
5.20000,0.00000,8.00000,1560.00000,0.02000,6.00000,300.00010,300.00030,1.0000000,1,0,7,2
5.22000,0.00000,8.00000,1566.00000,0.02000,6.00000,300.00010,300.00030,1.0000000,1,0,7,2
5.24000,0.00000,8.00000,1572.00000,0.02000,6.00000,300.00010,300.00030,1.0000000,1,0,7,2
5.26000,0.00000,8.00000,1578.00000,0.02000,6.00000,300.00010,300.00030,1.0000000,1,0,7,2
5.28000,0.00000,8.00000,1584.00000,0.02000,6.00000,300.00010,300.00030,1.0000000,1,0,7,2
5.30000,0.00000,8.00000,1590.00000,0.02000,6.00000,300.00010,300.00030,1.0000000,1,0,8,2
5.32000,0.00000,8.00000,1596.00000,0.02000,6.00000,300.00010,300.00030,1.0000000,1,0,9,2
5.34000,0.00000,8.00000,1602.00000,0.02000,6.00000,300.00010,300.00030,1.0000000,1,0,9,2
5.36000,0.00000,8.00000,1608.00000,0.02000,6.00000,300.00010,300.00030,1.0000000,1,0,9,2
5.38000,0.00000,8.00000,1614.00000,0.02000,6.00000,300.00010,300.00030,1.0000000,1,0,9,2
5.40000,0.00000,8.00000,1620.00000,0.02000,6.00000,300.00010,300.00030,1.0000000,1,0,9,2
5.42000,0.00000,8.00000,1626.00000,0.02000,6.00000,300.00010,300.00030,1.0000000,1,0,9,2
5.44000,0.00000,8.00000,1632.00000,0.02000,6.00000,300.00010,300.00030,1.0000000,1,0,9,2
5.46000,0.00000,8.00000,1638.00000,0.02000,6.00000,300.00010,300.00030,1.0000000,1,0,9,2
5.48000,0.00000,8.00000,1644.00000,0.02000,6.00000,300.00010,300.00030,1.0000000,1,0,9,2
5.50000,0.00000,8.00000,1650.00000,0.02000,6.00000,300.00010,300.00030,1.0000000,1,0,9,2
5.52000,0.00000,8.00000,1656.00000,0.02000,6.00000,300.00010,300.00030,1.0000000,1,0,9,2
5.54000,0.00000,8.00000,1662.00000,0.02000,6.00000,300.00010,300.00030,1.0000000,1,0,9,2
5.56000,0.00000,8.00000,1668.00000,0.02000,6.00000,300.00010,300.00030,1.0000000,1,0,9,2
5.58000,0.00000,8.00000,1674.00000,0.02000,6.00000,300.00010,300.00030,1.0000000,1,0,9,2
5.60000,0.00000,8.00000,1680.00000,0.02000,6.00000,300.00010,300.00030,1.0000000,1,0,9,2
5.62000,0.00000,8.00000,1686.00000,0.02000,6.00000,300.00010,300.00030,1.0000000,1,0,9,2
5.64000,0.00000,8.00000,1692.00000,0.02000,6.00000,300.00010,300.00030,1.0000000,1,0,9,2
5.66000,0.00000,8.00000,1698.00000,0.02000,6.00000,300.00010,300.00030,1.0000000,1,0,9,2
5.68000,0.00000,8.00000,1704.00000,0.02000,6.00000,300.00010,300.00030,1.0000000,1,0,9,2
5.70000,0.00000,8.00000,1710.00000,0.02000,6.00000,300.00010,300.00030,1.0000000,1,0,9,2
5.72000,0.00000,8.00000,1716.00000,0.02000,6.00000,300.00010,300.00030,1.0000000,1,0,9,2
5.74000,0.00000,8.00000,1722.00000,0.02000,6.00000,300.00010,300.00030,1.0000000,1,0,9,2
5.76000,0.00000,8.00000,1728.00000,0.02000,6.00000,300.00010,300.00030,1.0000000,1,0,9,2
5.78000,0.00000,8.00000,1734.00000,0.02000,6.00000,300.00010,300.00030,1.0000000,1,0,9,2
5.80000,0.00000,8.00000,1740.00000,0.02000,6.00000,300.00010,300.00030,1.0000000,1,0,9,2
5.82000,0.00000,8.00000,1746.00000,0.02000,6.00000,300.00010,300.00030,1.0000000,1,0,9,2
5.84000,0.00000,8.00000,1752.00000,0.02000,6.00000,300.00010,300.00030,1.0000000,1,0,9,2
5.86000,0.00000,8.00000,1758.00000,0.02000,6.00000,300.00010,300.00030,1.0000000,1,0,9,2
5.88000,0.00000,8.00000,1764.00000,0.02000,6.00000,300.00010,300.00030,1.0000000,1,0,9,2
5.90000,0.00000,8.00000,1770.00000,0.02000,6.00000,300.00010,300.00030,1.0000000,1,0,9,2
5.92000,0.00000,8.00000,1776.00000,0.02000,6.00000,300.00010,300.00030,1.0000000,1,0,9,2
5.94000,0.00000,8.00000,1782.00000,0.02000,6.00000,300.00010,300.00030,1.0000000,1,0,9,2
5.96000,0.00000,8.00000,1788.00000,0.02000,6.00000,300.00010,300.00030,1.0000000,1,0,9,2
5.98000,0.00000,8.00000,1794.00000,0.02000,6.00000,300.00010,300.00030,1.0000000,1,0,9,2
6.00000,0.00000,8.00000,1800.00000,0.02000,6.00000,300.00010,300.00030,1.0000000,1,0,9,2
6.02000,0.00000,8.00000,1806.00000,0.02000,6.00000,300.00010,300.00030,1.0000000,1,0,9,2
6.04000,0.00000,8.00000,1812.00000,0.02000,6.00000,300.00010,300.00030,1.0000000,1,0,9,2
6.06000,0.00000,8.00000,1818.00000,0.02000,6.00000,300.00010,300.00030,1.0000000,1,0,9,2
6.08000,0.00000,8.00000,1824.00000,0.02000,6.00000,300.00010,300.00030,1.0000000,1,0,9,2
6.10000,0.00000,8.00000,1830.00000,0.02000,6.00000,300.00010,300.00030,1.0000000,1,0,9,2
6.12000,0.00000,8.00000,1836.00000,0.02000,6.00000,300.00010,300.00030,1.0000000,1,0,9,2
6.14000,0.00000,8.00000,1842.00000,0.02000,6.00000,300.00010,300.00030,1.0000000,1,0,9,2
6.16000,0.00000,8.00000,1848.00000,0.02000,6.00000,300.00010,300.00030,1.0000000,1,0,9,2
6.18000,0.00000,8.00000,1854.00000,0.02000,6.00000,300.00010,300.00030,1.0000000,1,0,9,2
6.20000,0.00000,8.00000,1860.00000,0.02000,6.00000,300.00010,300.00030,1.0000000,1,0,9,2
6.22000,0.00000,8.00000,1866.00000,0.02000,6.00000,300.00010,300.00030,1.0000000,1,0,9,2
6.24000,0.00000,8.00000,1872.00000,0.02000,6.00000,300.00010,300.00030,1.0000000,1,0,9,2
6.26000,0.00000,8.00000,1878.00000,0.02000,6.00000,300.00010,300.00030,1.0000000,1,0,9,2
6.27999,0.00000,8.00000,1884.00000,0.02000,6.00000,300.00010,300.00030,1.0000000,1,0,9,2
6.29999,0.00000,8.00000,1890.00000,0.02000,6.00000,300.00010,300.00030,1.0000000,1,0,9,2
6.31999,0.00000,8.00000,1896.00000,0.02000,6.00000,300.00010,300.00030,1.0000000,1,0,9,2
6.33999,0.00000,8.00000,1902.00000,0.02000,6.00000,300.00010,300.00030,1.0000000,1,0,9,2
6.35999,0.00000,8.00000,1908.00000,0.02000,6.00000,300.00010,300.00030,1.0000000,1,0,9,2
6.37999,0.00000,8.00000,1914.00000,0.02000,6.00000,300.00010,300.00030,1.0000000,1,0,9,2
6.39999,0.00000,8.00000,1920.00000,0.02000,6.00000,300.00010,300.00030,1.0000000,1,0,9,2
6.41999,0.00000,8.00000,1926.00000,0.02000,6.00000,300.00010,300.00030,1.0000000,1,0,9,2
6.43999,0.00000,8.00000,1932.00000,0.02000,6.00000,300.00010,300.00030,1.0000000,1,0,9,2
6.45999,0.00000,8.00000,1938.00000,0.02000,6.00000,300.00010,300.00030,1.0000000,1,0,9,2
6.47999,0.00000,8.00000,1944.00000,0.02000,6.00000,300.00010,300.00030,1.0000000,1,0,9,2
6.49999,0.00000,8.00000,1950.00000,0.02000,6.00000,300.00010,300.00030,1.0000000,1,0,9,2
6.51999,0.00000,8.00000,1956.00000,0.02000,6.00000,300.00010,300.00030,1.0000000,1,0,9,2
6.53999,0.00000,8.00000,1962.00000,0.02000,6.00000,300.00010,300.00030,1.0000000,1,0,9,2
6.55999,0.00000,8.00000,1968.00000,0.02000,6.00000,300.00010,300.00030,1.0000000,1,0,9,2
6.57999,0.00000,8.00000,1974.00000,0.02000,6.00000,300.00010,300.00030,1.0000000,1,0,9,2
6.59999,0.00000,8.00000,1980.00000,0.02000,6.00000,300.00010,300.00030,1.0000000,1,0,9,2
6.61999,0.00000,8.00000,1986.00000,0.02000,6.00000,300.00010,300.00030,1.0000000,1,0,9,2
6.63999,0.00000,8.00000,1992.00000,0.02000,6.00000,300.00010,300.00030,1.0000000,1,0,9,2
6.65999,0.00000,8.00000,1998.00000,0.02000,6.00000,300.00010,300.00030,1.0000000,1,0,9,2
6.67999,0.00000,8.00000,2004.00000,0.02000,6.00000,300.00010,300.00030,1.0000000,1,0,9,2
6.69999,0.00000,8.00000,2010.00000,0.02000,6.00000,300.00010,300.00030,1.0000000,2,0,9,2
6.71999,0.00000,8.00000,2016.00000,0.02000,6.00000,300.00010,300.00030,1.0000000,2,0,9,2
6.73999,0.00000,8.00000,2022.00000,0.02000,6.00000,300.00010,300.00030,1.0000000,2,0,9,2
6.75999,0.00000,8.00000,2028.00000,0.02000,6.00000,300.00010,300.00030,1.0000000,2,0,9,2
6.77999,0.00000,8.00000,2034.00000,0.02000,6.00000,300.00010,300.00030,1.0000000,2,0,9,2
6.79999,0.00000,8.00000,2040.00000,0.02000,6.00000,300.00010,300.00030,1.0000000,2,0,9,2
6.81999,0.00000,8.00000,2046.00000,0.02000,6.00000,300.00010,300.00030,1.0000000,2,0,9,2
6.83999,0.00000,8.00000,2052.00000,0.02000,5.99988,299.99400,299.99420,1.0000000,2,0,9,2
6.85999,0.00000,8.00000,2058.00000,0.02000,6.00000,300.00010,300.00030,1.0000000,2,0,9,2
6.87999,0.00000,8.00000,2064.00000,0.02000,6.00000,300.00010,300.00030,1.0000000,2,0,9,2
6.89999,0.00000,8.00000,2070.00000,0.02000,6.00000,300.00010,300.00030,1.0000000,2,0,9,2
6.91999,0.00000,8.00000,2076.00000,0.02000,6.00000,300.00010,300.00030,1.0000000,2,0,9,2
6.93999,0.00000,8.00000,2082.00000,0.02000,6.00000,300.00010,300.00030,1.0000000,2,0,9,2
6.95999,0.00000,8.00000,2088.00000,0.02000,6.00000,300.00010,300.00030,1.0000000,2,0,9,2
6.97999,0.00000,8.00000,2094.00000,0.02000,6.00000,300.00010,300.00030,1.0000000,2,0,9,2
6.99999,0.00000,8.00000,2100.00000,0.02000,6.00000,300.00010,300.00030,1.0000000,2,0,9,2
7.01999,0.00000,8.00000,2106.00000,0.02000,6.00000,300.00010,300.00030,1.0000000,2,0,9,2
7.03999,0.00000,8.00000,2112.00000,0.02000,6.00000,300.00010,300.00030,1.0000000,2,0,9,2
7.05999,0.00000,8.00000,2118.00000,0.02000,6.00000,300.00010,300.00030,1.0000000,2,0,9,2
7.07999,0.00000,8.00000,2124.00000,0.02000,6.00000,300.00010,300.00030,1.0000000,2,0,9,2
7.09999,0.00000,8.00000,2130.00000,0.02000,6.00000,300.00010,300.00030,1.0000000,2,0,9,2
7.11999,0.00000,8.00000,2136.00000,0.02000,6.00000,300.00010,300.00030,1.0000000,2,0,9,2
7.13999,0.00000,8.00000,2142.00000,0.02000,6.00000,300.00010,300.00030,1.0000000,2,0,9,2
7.15999,0.00000,8.00000,2148.00000,0.02000,6.00000,300.00010,300.00030,1.0000000,2,0,9,2
7.17999,0.00000,8.00000,2154.00000,0.02000,6.00000,300.00010,300.00030,1.0000000,2,0,9,2
7.19999,0.00000,8.00000,2160.00000,0.02000,6.00000,300.00010,300.00030,1.0000000,2,0,9,2
7.21999,0.00000,8.00000,2166.00000,0.02000,6.00000,300.00010,300.00030,1.0000000,2,0,9,2
7.23999,0.00000,8.00000,2172.00000,0.02000,6.00000,300.00010,300.00030,1.0000000,2,0,9,2
7.25999,0.00000,8.00000,2178.00000,0.02000,6.00000,300.00010,300.00030,1.0000000,2,0,9,2
7.27999,0.00000,8.00000,2184.00000,0.02000,6.00000,300.00010,300.00030,1.0000000,2,0,9,2
7.29999,0.00000,8.00000,2190.00000,0.02000,6.00000,300.00010,300.00030,1.0000000,2,0,9,2
7.31999,0.00000,8.00000,2196.00000,0.02000,6.00000,300.00010,300.00030,1.0000000,2,0,9,2
7.33999,0.00000,8.00000,2202.00000,0.02000,6.00000,300.00010,300.00030,1.0000000,2,0,9,2
7.35999,0.00000,8.00000,2208.00000,0.02000,6.00000,300.00010,300.00030,1.0000000,2,0,9,2
7.37999,0.00000,8.00000,2214.00000,0.02000,6.00000,300.00010,300.00030,1.0000000,2,0,9,2
7.39999,0.00000,8.00000,2220.00000,0.02000,6.00000,300.00010,300.00030,1.0000000,2,0,9,2
7.41999,0.00000,8.00000,2226.00000,0.02000,6.00000,300.00010,300.00030,1.0000000,2,0,9,2
7.43999,0.00000,8.00000,2232.00000,0.02000,6.00000,300.00010,300.00030,1.0000000,2,0,9,2
7.45999,0.00000,8.00000,2238.00000,0.02000,6.00000,300.00010,300.00030,1.0000000,2,0,9,2
7.47999,0.00000,8.00000,2244.00000,0.02000,6.00000,300.00010,300.00030,1.0000000,2,0,9,2
7.49999,0.00000,8.00000,2250.00000,0.02000,6.00000,300.00010,300.00030,1.0000000,2,0,9,2
7.51999,0.00000,8.00000,2256.00000,0.02000,6.00000,300.00010,300.00030,1.0000000,2,0,9,2
7.53999,0.00000,8.00000,2262.00000,0.02000,6.00000,300.00010,300.00030,1.0000000,2,0,9,2
7.55999,0.00000,8.00000,2268.00000,0.02000,6.00000,300.00010,300.00030,1.0000000,2,0,9,2
7.57999,0.00000,8.00000,2274.00000,0.02000,6.00000,300.00010,300.00030,1.0000000,2,0,9,2
7.59999,0.00000,8.00000,2280.00000,0.02000,6.00000,300.00010,300.00030,1.0000000,2,0,9,2
7.61999,0.00000,8.00000,2286.00000,0.02000,6.00000,300.00010,300.00030,1.0000000,2,0,9,2
7.63999,0.00000,8.00000,2292.00000,0.02000,6.00000,300.00010,300.00030,1.0000000,2,0,9,2
7.65999,0.00000,8.00000,2298.00000,0.02000,6.00000,300.00010,300.00030,1.0000000,2,0,9,2
7.67999,0.00000,8.00000,2304.00000,0.02000,6.00000,300.00010,300.00030,1.0000000,2,0,9,2
7.69999,0.00000,8.00000,2310.00000,0.02000,6.00000,300.00010,300.00030,1.0000000,1,1,9,2
7.71999,0.00000,8.00000,2316.00000,0.02000,6.00000,300.00010,300.00030,1.0000000,1,1,9,2
7.73999,0.00000,8.00000,2322.00000,0.02000,6.00000,300.00010,300.00030,1.0000000,1,1,9,2
7.75999,0.00000,8.00000,2328.00000,0.02000,6.00000,300.00010,300.00030,1.0000000,1,1,9,2
7.77999,0.00000,8.00000,2334.00000,0.02000,6.00000,300.00010,300.00030,1.0000000,1,1,9,2
7.79999,0.00000,8.00000,2340.00000,0.02000,6.00000,300.00010,300.00030,1.0000000,1,1,9,2
7.81999,0.00000,8.00000,2346.00000,0.02000,6.00000,300.00010,300.00030,1.0000000,1,1,9,2
7.83999,0.00000,8.00000,2352.00000,0.02000,6.00000,300.00010,300.00030,1.0000000,1,1,9,2
7.85999,0.00000,8.00000,2358.00000,0.02000,6.00000,300.00010,300.00030,1.0000000,1,1,9,2
7.87999,0.00000,8.00000,2364.00000,0.02000,6.00000,300.00010,300.00030,1.0000000,1,1,9,2
7.89999,0.00000,8.00000,2370.00000,0.02000,6.00000,300.00010,300.00030,1.0000000,1,1,9,2
7.91999,0.00000,8.00000,2376.00000,0.02000,6.00000,300.00010,300.00030,1.0000000,1,1,9,2
7.93999,0.00000,8.00000,2382.00000,0.02000,6.00000,300.00010,300.00030,1.0000000,1,1,9,2
7.95999,0.00000,8.00000,2388.00000,0.02000,6.00000,300.00010,300.00030,1.0000000,1,1,9,2
7.97999,0.00000,8.00000,2394.00000,0.02000,6.00000,300.00010,300.00030,1.0000000,1,1,9,2
7.99999,0.00000,8.00000,2400.00000,0.02000,6.00000,300.00010,300.00030,1.0000000,1,1,9,2
8.01999,0.00000,8.00000,2406.00000,0.02000,6.00000,300.00010,300.00030,1.0000000,1,1,9,2
8.03999,0.00000,8.00000,2412.00000,0.02000,6.00000,300.00010,299.99310,1.0000000,1,1,9,2
8.05999,0.00000,8.00000,2418.00000,0.02000,6.00000,300.00010,299.99310,1.0000000,1,1,9,2
8.07999,0.00000,8.00000,2424.00000,0.02000,6.00000,300.00010,299.99310,1.0000000,1,1,9,2
8.10000,0.00000,8.00000,2430.00000,0.02000,6.00000,300.00010,299.99310,1.0000000,1,1,9,2
8.12000,0.00000,8.00000,2436.00000,0.02000,6.00000,300.00010,299.99310,1.0000000,1,1,9,2
8.14000,0.00000,8.00000,2442.00000,0.02000,6.00000,300.00010,299.99310,1.0000000,1,1,9,2
8.16000,0.00000,8.00000,2448.00000,0.02000,6.00000,300.00010,299.99310,1.0000000,1,1,9,2
8.18000,0.00000,8.00000,2454.00000,0.02000,6.00000,300.00010,299.99310,1.0000000,1,1,9,2
8.20000,0.00000,8.00000,2460.00000,0.02000,6.00000,300.00010,299.99310,1.0000000,1,1,9,2
8.22000,0.00000,8.00000,2466.00000,0.02000,6.00000,300.00010,299.99310,1.0000000,1,1,9,2
8.24000,0.00000,8.00000,2472.00000,0.02000,6.00000,300.00010,299.99310,1.0000000,1,1,9,2
8.26000,0.00000,8.00000,2478.00000,0.02000,6.00000,300.00010,299.99310,1.0000000,1,1,9,2
8.28000,0.00000,8.00000,2484.00000,0.02000,6.00000,300.00010,299.99310,1.0000000,1,1,9,2
8.30000,0.00000,8.00000,2490.00000,0.02000,6.00000,300.00010,299.99310,1.0000000,1,1,9,2
8.32000,0.00000,8.00000,2496.00000,0.02000,6.00000,300.00010,299.99310,1.0000000,1,1,9,2
8.34000,0.00000,8.00000,2502.00000,0.02000,6.00000,300.00010,299.99310,1.0000000,1,1,9,2
8.36000,0.00000,8.00000,2508.00000,0.02000,6.00000,300.00010,299.99310,1.0000000,1,1,9,2
8.38000,0.00000,8.00000,2514.00000,0.02000,6.00000,300.00010,299.99310,1.0000000,1,1,9,2
8.40000,0.00000,8.00000,2520.00000,0.02000,6.00000,300.00010,299.99310,1.0000000,1,1,9,2
8.42000,0.00000,8.00000,2526.00000,0.02000,6.00000,300.00010,299.99310,1.0000000,1,1,9,2
8.44000,0.00000,8.00000,2532.00000,0.02000,6.00000,300.00010,299.99310,1.0000000,1,1,9,2
8.46000,0.00000,8.00000,2538.00000,0.02000,6.00000,300.00010,299.99310,1.0000000,1,1,9,2
8.48000,0.00000,8.00000,2544.00000,0.02000,6.00000,300.00010,299.99310,1.0000000,1,1,9,2
8.50000,0.00000,8.00000,2550.00000,0.02000,6.00000,300.00010,299.99310,1.0000000,1,1,9,2
8.52000,0.00000,8.00000,2556.00000,0.02000,6.00000,300.00010,299.99310,1.0000000,1,1,9,2
8.54001,0.00000,8.00000,2562.00000,0.02000,6.00000,300.00010,299.99310,1.0000000,1,1,9,2
8.56001,0.00000,8.00000,2568.00000,0.02000,6.00000,300.00010,299.99310,1.0000000,1,1,9,2
8.58001,0.00000,8.00000,2574.00000,0.02000,6.00000,300.00010,299.99310,1.0000000,1,1,9,2
8.60001,0.00000,8.00000,2580.00000,0.02000,6.00000,300.00010,299.99310,1.0000000,1,1,9,2
8.62001,0.00000,8.00000,2586.00000,0.02000,6.00000,300.00010,299.99310,1.0000000,1,1,9,2
8.64001,0.00000,8.00000,2592.00000,0.02000,6.00000,300.00010,299.99310,1.0000000,1,1,9,2
8.66001,0.00000,8.00000,2598.00000,0.02000,6.00000,300.00010,299.99310,1.0000000,1,1,9,2
8.68001,0.00000,8.00000,2604.00000,0.02000,6.00000,300.00010,299.99310,1.0000000,1,1,10,2
8.70001,0.00000,8.00000,2610.00000,0.02000,6.00000,300.00010,299.99310,1.0000000,1,1,10,2
8.72001,0.00000,8.00000,2616.00000,0.02000,6.00000,300.00010,299.99310,1.0000000,1,1,10,2
8.74001,0.00000,8.00000,2622.00000,0.02000,6.00000,300.00010,299.99310,1.0000000,1,1,10,2
8.76001,0.00000,8.00000,2628.00000,0.02000,6.00000,300.00010,299.99310,1.0000000,1,1,10,2
8.78001,0.00000,8.00000,2634.00000,0.02000,6.00000,300.00010,299.99310,1.0000000,1,1,10,2
8.80001,0.00000,8.00000,2640.00000,0.02000,6.00000,300.00010,299.99310,1.0000000,1,1,10,2
8.82001,0.00000,8.00000,2646.00000,0.02000,6.00000,300.00010,299.99310,1.0000000,1,1,10,2
8.84001,0.00000,8.00000,2652.00000,0.02000,6.00000,300.00010,299.99310,1.0000000,1,1,10,2
8.86001,0.00000,8.00000,2658.00000,0.02000,6.00000,300.00010,299.99310,1.0000000,1,1,10,2
8.88001,0.00000,8.00000,2664.00000,0.02000,6.00000,300.00010,299.99310,1.0000000,1,1,10,2
8.90001,0.00000,8.00000,2670.00000,0.02000,6.00000,300.00010,299.99310,1.0000000,1,1,10,2
8.92001,0.00000,8.00000,2676.00000,0.02000,6.00000,300.00010,299.99310,1.0000000,1,1,10,2
8.94001,0.00000,8.00000,2682.00000,0.02000,6.00000,300.00010,299.99310,1.0000000,1,1,10,2
8.96001,0.00000,8.00000,2688.00000,0.02000,6.00000,300.00010,299.99310,1.0000000,1,1,10,2
8.98002,0.00000,8.00000,2694.00000,0.02000,6.00000,300.00010,299.99310,1.0000000,1,1,10,2
9.00002,0.00000,8.00000,2700.00000,0.02000,6.00000,300.00010,299.99310,1.0000000,1,1,10,2
9.02002,0.00000,8.00000,2706.00000,0.02000,6.00000,300.00010,299.99310,1.0000000,1,1,10,2
9.04002,0.00000,8.00000,2712.00000,0.02000,6.00000,300.00010,299.99310,1.0000000,1,1,10,2
9.06002,0.00000,8.00000,2718.00000,0.02000,6.00000,300.00010,299.99310,1.0000000,1,1,10,2
9.08002,0.00000,8.00000,2724.00000,0.02000,6.00000,300.00010,299.99310,1.0000000,1,1,10,2
9.10002,0.00000,8.00000,2730.00000,0.02000,6.00000,300.00010,299.99310,1.0000000,1,1,10,2
9.12002,0.00000,8.00000,2736.00000,0.02000,6.00000,300.00010,299.99310,1.0000000,1,1,10,2
9.14002,0.00000,8.00000,2742.00000,0.02000,6.00000,300.00010,299.99310,1.0000000,1,1,10,2
9.16002,0.00000,8.00000,2748.00000,0.02000,6.00000,300.00010,299.99310,1.0000000,1,1,10,2
9.18002,0.00000,8.00000,2754.00000,0.02000,6.00000,300.00010,299.99310,1.0000000,1,1,10,2
9.20002,0.00000,8.00000,2760.00000,0.02000,6.00000,300.00010,299.99310,1.0000000,1,1,10,2
9.22002,0.00000,8.00000,2766.00000,0.02000,6.00000,300.00010,299.99310,1.0000000,1,1,10,2
9.24002,0.00000,8.00000,2772.00000,0.02000,6.00000,300.00010,299.99310,1.0000000,1,1,10,2
9.26002,0.00000,8.00000,2778.00000,0.02000,6.00000,300.00010,299.99310,1.0000000,1,1,10,2
9.28002,0.00000,8.00000,2784.00000,0.02000,6.00000,300.00010,299.99310,1.0000000,1,1,10,2
9.30002,0.00000,8.00000,2790.00000,0.02000,6.00000,300.00010,299.99310,1.0000000,1,1,10,2
9.32002,0.00000,8.00000,2796.00000,0.02000,6.00000,300.00010,299.99310,1.0000000,1,1,10,2
9.34002,0.00000,8.00000,2802.00000,0.02000,6.00000,300.00010,299.99310,1.0000000,1,1,10,2
9.36002,0.00000,8.00000,2808.00000,0.02000,6.00000,300.00010,299.99310,1.0000000,1,1,10,2
9.38002,0.00000,8.00000,2814.00000,0.02000,6.00000,300.00010,299.99310,1.0000000,1,1,10,2
9.40002,0.00000,8.00000,2820.00000,0.02000,6.00000,300.00010,299.99310,1.0000000,1,1,10,2
9.42003,0.00000,8.00000,2826.00000,0.02000,6.00000,300.00010,299.99310,1.0000000,1,1,10,2
9.44003,0.00000,8.00000,2832.00000,0.02000,6.00000,300.00010,299.99310,1.0000000,1,1,10,2
9.46003,0.00000,8.00000,2838.00000,0.02000,6.00000,300.00010,299.99310,1.0000000,1,1,10,2
9.48003,0.00000,8.00000,2844.00000,0.02000,6.00000,300.00010,299.99310,1.0000000,1,1,10,2
9.50003,0.00000,8.00000,2850.00000,0.02000,6.00000,300.00010,299.99310,1.0000000,1,1,10,2
9.52003,0.00000,8.00000,2856.00000,0.02000,6.00000,300.00010,299.99310,1.0000000,1,1,10,2
9.54003,0.00000,8.00000,2862.00000,0.02000,6.00000,300.00010,299.99310,1.0000000,1,1,10,2
9.56003,0.00000,8.00000,2868.00000,0.02000,6.00000,300.00010,299.99310,1.0000000,1,1,10,2
9.58003,0.00000,8.00000,2874.00000,0.02000,6.00000,300.00010,299.99310,1.0000000,1,1,10,2
9.60003,0.00000,8.00000,2880.00000,0.02000,6.00000,300.00010,299.99310,1.0000000,0,2,10,2
9.62003,0.00000,8.00000,2886.00000,0.02000,6.00000,300.00010,299.99310,1.0000000,0,2,10,2
9.64003,0.00000,8.00000,2892.00000,0.02000,6.00000,300.00010,299.99310,1.0000000,0,2,10,2
9.66003,0.00000,8.00000,2898.00000,0.02000,6.00000,300.00010,299.99310,1.0000000,0,2,10,2
9.68003,0.00000,8.00000,2904.00000,0.02000,6.00000,300.00010,299.99310,1.0000000,0,2,10,2
9.70003,0.00000,8.00000,2910.00000,0.02000,6.00000,300.00010,299.99310,1.0000000,0,2,10,2
9.72003,0.00000,8.00000,2916.00000,0.02000,6.00000,300.00010,299.99310,1.0000000,0,2,10,2
9.74003,0.00000,8.00000,2922.00000,0.02000,6.00000,300.00010,299.99310,1.0000000,0,2,10,2
9.76003,0.00000,8.00000,2928.00000,0.02000,6.00000,300.00010,299.99310,1.0000000,0,2,10,2
9.78003,0.00000,8.00000,2934.00000,0.02000,6.00000,300.00010,299.99310,1.0000000,0,2,10,2
9.80003,0.00000,8.00000,2940.00000,0.02000,6.00000,300.00010,299.99310,1.0000000,0,2,10,2
9.82003,0.00000,8.00000,2946.00000,0.02000,6.00000,300.00010,299.99310,1.0000000,0,2,10,2
9.84003,0.00000,8.00000,2952.00000,0.02000,6.00000,300.00010,299.99310,1.0000000,0,2,10,2
9.86004,0.00000,8.00000,2958.00000,0.02000,6.00000,300.00010,299.99310,1.0000000,0,2,10,2
9.88004,0.00000,8.00000,2964.00000,0.02000,6.00000,300.00010,299.99310,1.0000000,0,2,10,2
9.90004,0.00000,8.00000,2970.00000,0.02000,6.00000,300.00010,299.99310,1.0000000,0,2,10,2
9.92004,0.00000,8.00000,2976.00000,0.02000,6.00000,300.00010,299.99310,1.0000000,0,2,10,2
9.94004,0.00000,8.00000,2982.00000,0.02000,6.00000,300.00010,299.99310,1.0000000,0,2,10,2
9.96004,0.00000,8.00000,2988.00000,0.02000,6.00000,300.00010,299.99310,1.0000000,0,2,10,2
9.98004,0.00000,8.00000,2994.00000,0.02000,6.00000,300.00010,299.99310,1.0000000,0,2,10,2
10.00004,0.00000,8.00000,3000.00000,0.02000,6.00000,300.00010,299.99310,1.0000000,0,2,10,2
