simulationTime,shipId,state,xUU,yUU,zUU,displacementUU,velocityUU,screenX,screenY,screenZ
3.279998,SPAWN_Small_FS2C25R01,Engaging,60,508,1131.758,0,2.5,1319.367,3568.819,141.5204
3.539997,SPAWN_Small_FS2C25R01,Engaging,60,508,1132.409,0.6506348,2.5,1086.913,1708.81,303.1913
3.779997,SPAWN_Small_FS2C25R01,Engaging,60,508,1133.009,1.251221,2.5,995.099,809.7942,496.9163
4.059997,SPAWN_Small_FS2C25R01,Engaging,60,508,1133.71,1.951904,2.5,974.2164,621.7679,519.6483
4.319997,SPAWN_Small_FS2C25R01,Engaging,60,508,1134.361,2.602539,2.5,972.7587,613.1079,520.3022
4.579997,SPAWN_Small_FS2C25R01,Engaging,60,508,1135.011,3.253174,2.5,972.3094,611.8302,520.5322
4.819996,SPAWN_Small_FS2C25R01,Engaging,60,508,1135.612,3.85376,2.5,971.9349,610.9399,520.7289
5.099996,SPAWN_Small_FS2C25R01,Engaging,60,508,1136.313,4.554443,2.5,971.5006,609.9197,520.9576
5.339996,SPAWN_Small_FS2C25R01,Engaging,60,508,1136.913,5.155029,2.5,971.1287,609.0463,521.1535
5.599996,SPAWN_Small_FS2C25R01,Engaging,60,508,1137.564,5.805664,2.5,970.7262,608.1008,521.3658
5.859995,SPAWN_Small_FS2C25R01,BreakingFormation,60.00114,508,1138.298,6.539917,3.899813,970.2742,607.0342,521.6055
6.099995,SPAWN_Small_FS2C25R01,BreakingFormation,60.0326,508.0005,1139.67,7.911932,7.255244,969.4744,605.0267,522.0578
6.359995,SPAWN_Small_FS2C25R01,BreakingFormation,60.17319,508.004,1142.06,10.30297,10.87563,968.2136,601.4895,522.8594
6.639995,SPAWN_Small_FS2C25R01,BreakingFormation,60.5531,508.017,1145.665,13.91799,14.73841,966.5696,596.0784,524.0983
6.879994,SPAWN_Small_FS2C25R01,BreakingFormation,61.16862,508.0441,1149.578,17.85803,17.99135,965.0977,590.1235,525.4819
7.159994,SPAWN_Small_FS2C25R01,Fleeing,62.36894,508.1103,1155.037,23.39942,21.65309,963.5649,581.684,527.484
7.379994,SPAWN_Small_FS2C25R01,Fleeing,63.79381,508.2054,1159.922,28.41881,24.33905,962.7234,574.0042,529.3556
7.619994,SPAWN_Small_FS2C25R01,Fleeing,65.96023,508.3768,1165.71,34.47327,26.90071,962.4396,564.7327,531.6917
7.859993,SPAWN_Small_FS2C25R01,Fleeing,68.87514,508.6516,1171.752,40.972,28.76881,963.106,554.8251,534.3065
8.119996,SPAWN_Small_FS2C25R01,Fleeing,72.90605,509.1077,1178.201,48.21584,29.58014,965.1519,543.9332,537.3717
8.360002,SPAWN_Small_FS2C25R01,Fleeing,77.18722,509.6679,1183.836,54.86655,29.58442,968.0208,534.19,540.3018
8.640008,SPAWN_Small_FS2C25R01,Fleeing,82.60056,510.4554,1190.054,62.57211,29.58442,972.1409,523.2834,543.7849
8.880013,SPAWN_Small_FS2C25R01,Fleeing,87.57521,511.2542,1195.056,69.11996,29.58442,976.3014,514.3742,546.8235
9.140019,SPAWN_Small_FS2C25R01,Fleeing,93.28535,512.2574,1200.109,76.14357,29.58442,981.4245,505.2254,550.1675
9.420026,SPAWN_Small_FS2C25R01,Fleeing,99.77383,513.5076,1205.101,83.61534,29.58442,987.609,496.0057,553.8264
9.680032,SPAWN_Small_FS2C25R01,Fleeing,106.0795,514.8343,1209.299,90.45802,29.58442,993.9222,488.0742,557.2732
9.940038,SPAWN_Small_FS2C25R01,Fleeing,112.6208,516.3276,1213.057,97.2,29.58442,1000.735,480.7846,560.7637
10.20004,SPAWN_Small_FS2C25R01,Fleeing,119.363,517.9933,1216.36,103.8334,29.58442,1007.997,474.1672,564.2937
10.46005,SPAWN_Small_FS2C25R01,Fleeing,126.27,519.8362,1219.196,110.3503,29.58442,1015.656,468.2484,567.8588
10.72006,SPAWN_Small_FS2C25R01,Fleeing,133.305,521.8599,1221.553,116.7429,29.58442,1023.658,463.0502,571.4541
10.98006,SPAWN_Small_FS2C25R01,Fleeing,140.4305,524.0668,1223.424,123.0036,29.58442,1031.951,458.5905,575.0742
11.22007,SPAWN_Small_FS2C25R01,Fleeing,147.0551,526.2679,1224.715,128.6594,29.58442,1039.816,455.1406,578.433
11.48007,SPAWN_Small_FS2C25R01,Fleeing,154.2472,528.8303,1225.637,134.6464,29.58442,1048.514,452.1349,582.085
11.74008,SPAWN_Small_FS2C25R01,Fleeing,161.4179,531.5764,1226.064,140.4812,29.58442,1057.342,449.8936,585.7446
12.00008,SPAWN_Small_FS2C25R01,Fleeing,168.5289,534.5044,1225.997,146.1571,29.58443,1066.249,448.4187,589.4053
12.26009,SPAWN_Small_FS2C25R01,Fleeing,175.542,537.6106,1225.44,151.6674,29.58442,1075.181,447.707,593.0601
12.5201,SPAWN_Small_FS2C25R01,Fleeing,182.4199,540.8903,1224.4,157.0062,29.58442,1084.086,447.7511,596.7017
12.7801,SPAWN_Small_FS2C25R01,Fleeing,189.1256,544.3377,1222.886,162.1672,29.58442,1092.914,448.5411,600.3228
13.04011,SPAWN_Small_FS2C25R01,Fleeing,195.6232,547.9456,1220.91,167.1446,29.58442,1101.617,450.063,603.9154
13.28011,SPAWN_Small_FS2C25R01,Fleeing,201.4061,551.4111,1218.686,171.5712,29.58442,1109.498,452.1023,607.1996
13.54012,SPAWN_Small_FS2C25R01,Fleeing,207.4068,555.3027,1215.86,176.18,29.58442,1117.83,454.9792,610.7149
13.80013,SPAWN_Small_FS2C25R01,Fleeing,213.1012,559.3271,1212.616,180.5892,29.58441,1125.906,458.5291,614.1776
14.06013,SPAWN_Small_FS2C25R01,Fleeing,218.4602,563.4718,1208.977,184.7959,29.58442,1133.686,462.7222,617.5795
14.32014,SPAWN_Small_FS2C25R01,Fleeing,223.4586,567.7232,1204.967,188.7991,29.58442,1141.136,467.5255,620.9123
14.58014,SPAWN_Small_FS2C25R01,Fleeing,228.0691,572.0679,1200.607,192.593,29.58442,1148.22,472.911,624.167
14.84015,SPAWN_Small_FS2C25R01,Fleeing,232.266,576.4916,1195.92,196.1721,29.58442,1154.906,478.8485,627.3342
15.10016,SPAWN_Small_FS2C25R01,Fleeing,236.0261,580.9783,1190.933,199.5313,29.58442,1161.164,485.3053,630.4047
15.36016,SPAWN_Small_FS2C25R01,Fleeing,239.3287,585.5112,1185.671,202.6657,29.58442,1166.967,492.2481,633.3677
15.62017,SPAWN_Small_FS2C25R01,Fleeing,242.1555,590.0718,1180.162,205.5708,29.58442,1172.293,499.6404,636.2132
15.88017,SPAWN_Small_FS2C25R01,Fleeing,244.4917,594.6392,1174.433,208.2419,29.58442,1177.122,507.4453,638.9282
16.16018,SPAWN_Small_FS2C25R01,Fleeing,246.4612,599.5353,1168.05,210.8639,29.58442,1181.77,516.2583,641.689
16.40018,SPAWN_Small_FS2C25R01,Fleeing,247.993,603.7101,1162.515,213.1848,29.58442,1185.586,523.8859,643.9933
16.52019,SPAWN_Small_FS2C25R01,Fleeing,248.757,605.7933,1159.744,214.42,29.58442,1187.485,527.6824,645.1403
16.52019,SPAWN_Small_FS2C25R01,Fleeing,248.757,605.7933,1159.744,214.42,29.58442,1187.485,527.6824,645.1403
16.52019,SPAWN_Small_FS2C25R01,Fleeing,248.757,605.7933,1159.744,214.42,29.58442,1187.485,527.6824,645.1403
16.52019,SPAWN_Small_FS2C25R01,Fleeing,248.757,605.7933,1159.744,214.42,29.58442,1187.485,527.6824,645.1403
16.52019,SPAWN_Small_FS2C25R01,Fleeing,248.757,605.7933,1159.744,214.42,29.58442,1187.485,527.6824,645.1403
16.52019,SPAWN_Small_FS2C25R01,Fleeing,248.757,605.7933,1159.744,214.42,29.58442,1187.485,527.6824,645.1403
16.52019,SPAWN_Small_FS2C25R01,Fleeing,248.757,605.7933,1159.744,214.42,29.58442,1187.485,527.6824,645.1403
16.52019,SPAWN_Small_FS2C25R01,Fleeing,248.757,605.7933,1159.744,214.42,29.58442,1187.485,527.6824,645.1403
16.52019,SPAWN_Small_FS2C25R01,Fleeing,248.757,605.7933,1159.744,214.42,29.58442,1187.485,527.6824,645.1403
16.52019,SPAWN_Small_FS2C25R01,Fleeing,248.757,605.7933,1159.744,214.42,29.58442,1187.485,527.6824,645.1403
16.52019,SPAWN_Small_FS2C25R01,Fleeing,248.757,605.7933,1159.744,214.42,29.58442,1187.485,527.6824,645.1403
16.52019,SPAWN_Small_FS2C25R01,Fleeing,248.757,605.7933,1159.744,214.42,29.58442,1187.485,527.6824,645.1403
16.52019,SPAWN_Small_FS2C25R01,Fleeing,248.757,605.7933,1159.744,214.42,29.58442,1187.485,527.6824,645.1403
