shot-000-Penetration-frame0.png,3.439997,12884901986
shot-001-Penetration-frame1.png,3.619997,12884901986
shot-002-Penetration-frame2.png,3.799997,12884901986
shot-003-Penetration-frame3.png,4.039997,12884901986
shot-004-Explosion-frame0.png,21.3803,12884902184
shot-005-Explosion-frame1.png,21.6003,12884902184
shot-006-Explosion-frame2.png,21.78031,12884902184
shot-007-Explosion-frame3.png,21.98031,12884902184
shot-008-Penetration-frame0.png,51.36098,12884902482
shot-009-Penetration-frame1.png,51.56099,12884902482
shot-010-Penetration-frame2.png,51.74099,12884902482
shot-011-Penetration-frame3.png,51.961,12884902482
