time,shipId,state,x,y,z,displacementUU,renderErrorM
0.000,SPAWN_Small_FS2C25R01,Engaging,60,508,1131.758,0,0
0.347,SPAWN_Small_FS2C25R01,Engaging,60,508,1132.609,0.8508301,0
0.672,SPAWN_Small_FS2C25R01,Engaging,60,508,1133.46,1.70166,0
0.982,SPAWN_Small_FS2C25R01,Engaging,60,508,1134.26,2.502441,0
1.300,SPAWN_Small_FS2C25R01,Engaging,60,508,1135.061,3.303223,0
1.621,SPAWN_Small_FS2C25R01,Engaging,60,508,1135.862,4.104004,0
1.925,SPAWN_Small_FS2C25R01,Engaging,60,508,1136.613,4.854736,0
2.296,SPAWN_Small_FS2C25R01,Engaging,60,508,1137.313,5.55542,0
2.605,SPAWN_Small_FS2C25R01,BreakingFormation,60.00289,508,1138.471,6.712769,0
2.914,SPAWN_Small_FS2C25R01,BreakingFormation,60.08263,508.0004,1140.656,8.898699,0
3.216,SPAWN_Small_FS2C25R01,BreakingFormation,60.37128,508.0032,1143.988,12.23574,0
3.519,SPAWN_Small_FS2C25R01,BreakingFormation,61.03425,508.0119,1148.52,16.79421,0
3.826,SPAWN_Small_FS2C25R01,Fleeing,62.27,508.0321,1154.17,22.5268,0
4.142,SPAWN_Small_FS2C25R01,Fleeing,64.4854,508.0748,1161.245,29.82659,0
4.446,SPAWN_Small_FS2C25R01,Fleeing,67.667,508.1442,1168.535,37.56817,0
4.763,SPAWN_Small_FS2C25R01,Fleeing,72.41459,508.2587,1176.419,46.35521,0
5.081,SPAWN_Small_FS2C25R01,Fleeing,78.36672,508.4142,1183.763,55.15424,0
5.381,SPAWN_Small_FS2C25R01,Fleeing,84.56731,508.5834,1190.107,63.31271,0
5.718,SPAWN_Small_FS2C25R01,Fleeing,90.81439,508.7591,1195.541,70.84034,0
6.029,SPAWN_Small_FS2C25R01,Fleeing,99.43583,509.008,1201.781,80.37069,0
6.345,SPAWN_Small_FS2C25R01,Fleeing,107.5911,509.2463,1206.577,88.68093,0
6.647,SPAWN_Small_FS2C25R01,Fleeing,115.597,509.4768,1210.395,96.31698,0
6.963,SPAWN_Small_FS2C25R01,Fleeing,124.4565,509.7216,1213.714,104.2799,0
7.266,SPAWN_Small_FS2C25R01,Fleeing,133.0008,509.943,1216.095,111.56,0
7.581,SPAWN_Small_FS2C25R01,Fleeing,142.3001,510.1648,1217.838,119.1124,0
7.905,SPAWN_Small_FS2C25R01,Fleeing,151.7183,510.3668,1218.745,126.43,0
8.216,SPAWN_Small_FS2C25R01,Fleeing,160.589,510.5346,1218.828,133.0633,0
8.539,SPAWN_Small_FS2C25R01,Fleeing,170.6106,510.6971,1218.026,140.3001,0
8.841,SPAWN_Small_FS2C25R01,Fleeing,179.3559,510.8151,1216.532,146.4254,0
9.156,SPAWN_Small_FS2C25R01,Fleeing,188.5116,510.9135,1214.139,152.677,0
9.458,SPAWN_Small_FS2C25R01,Fleeing,196.8697,510.9786,1211.161,158.2627,0
9.774,SPAWN_Small_FS2C25R01,Fleeing,205.477,511.0203,1207.227,163.9155,0
10.075,SPAWN_Small_FS2C25R01,Fleeing,213.198,511.033,1202.856,168.9192,0
10.375,SPAWN_Small_FS2C25R01,Fleeing,220.5264,511.0222,1197.854,173.6274,0
10.677,SPAWN_Small_FS2C25R01,Fleeing,227.4133,510.9887,1192.259,178.0351,0
10.984,SPAWN_Small_FS2C25R01,Fleeing,233.8147,510.9362,1186.115,182.1396,0
11.312,SPAWN_Small_FS2C25R01,Fleeing,240.0563,510.8604,1179.001,186.173,0
11.623,SPAWN_Small_FS2C25R01,Fleeing,245.6427,510.7679,1171.363,189.8405,0
11.942,SPAWN_Small_FS2C25R01,Fleeing,250.528,510.6598,1163.258,193.1327,0
12.242,SPAWN_Small_FS2C25R01,Fleeing,254.4357,510.5466,1155.293,195.8715,0
12.547,SPAWN_Small_FS2C25R01,Fleeing,257.664,510.4169,1147.029,198.2677,0
12.852,SPAWN_Small_FS2C25R01,Fleeing,260.1899,510.2614,1138.525,200.317,0
13.156,SPAWN_Small_FS2C25R01,Fleeing,262.2661,510.0563,1129.292,202.2915,0
13.470,SPAWN_Small_FS2C25R01,Fleeing,264.1502,509.8553,1120.622,204.4621,0
13.774,SPAWN_Small_FS2C25R01,Fleeing,265.9976,509.6391,1111.34,207.0135,0
14.084,SPAWN_Small_FS2C25R01,Fleeing,267.6867,509.4359,1102.63,209.7243,0
14.398,SPAWN_Small_FS2C25R01,Fleeing,269.3176,509.2757,1093.306,212.824,0
14.718,SPAWN_Small_FS2C25R01,Fleeing,270.9127,509.1274,1083.975,216.2606,0
15.024,SPAWN_Small_FS2C25R01,Fleeing,272.2341,509.0545,1075.199,219.6437,0
15.325,SPAWN_Small_FS2C25R01,Fleeing,273.5426,508.9869,1066.42,223.3169,0
15.639,SPAWN_Small_FS2C25R01,Fleeing,274.7617,509.0047,1057.033,227.3927,0
15.940,SPAWN_Small_FS2C25R01,Fleeing,275.8882,509.0318,1048.23,231.4859,0
16.243,SPAWN_Small_FS2C25R01,Fleeing,276.8724,509.1678,1039.41,235.7184,0
16.557,SPAWN_Small_FS2C25R01,Fleeing,277.846,509.311,1030.589,240.1953,0
16.869,SPAWN_Small_FS2C25R01,Fleeing,278.7492,509.5536,1021.169,245.1196,0
17.172,SPAWN_Small_FS2C25R01,Fleeing,279.5766,509.7874,1012.335,249.9577,0
17.481,SPAWN_Small_FS2C25R01,Fleeing,280.3324,510.0765,1002.903,255.2536,0
17.798,SPAWN_Small_FS2C25R01,Fleeing,281.0519,510.3784,993.4679,260.7562,0
18.106,SPAWN_Small_FS2C25R01,Fleeing,281.6255,510.697,984.6166,266.0371,0
18.413,SPAWN_Small_FS2C25R01,Fleeing,282.1949,511.0544,975.1736,271.8429,0
18.724,SPAWN_Small_FS2C25R01,Fleeing,282.6435,511.4247,966.3177,277.4029,0
19.039,SPAWN_Small_FS2C25R01,Fleeing,283.0766,511.8458,956.8703,283.4849,0
19.340,SPAWN_Small_FS2C25R01,Fleeing,283.4149,512.279,948.0117,289.3013,0
19.651,SPAWN_Small_FS2C25R01,Fleeing,283.728,512.7773,938.5629,295.6373,0
19.955,SPAWN_Small_FS2C25R01,Fleeing,283.967,513.2864,929.7052,301.6861,0
20.261,SPAWN_Small_FS2C25R01,Fleeing,284.1682,513.8351,920.8492,307.844,0
20.577,SPAWN_Small_FS2C25R01,Fleeing,284.3405,514.465,911.4049,314.525,0
